5,277,17,3,22,2,32,29,4,9,1,4,1,10,12,143,1,2,1,1
,,,AP,Arnold,Bartlett,CBG,DBG,FGT,HBG,Meise,MBG,Moore,MA,Peckerwood,TMA,TTA,USNA,UWBG,ZBGP
Sample ID,POP,0C11 - 1,0C11 - 2,1G13 - 1,1G13 - 2,G07 - 1,G07 - 2,1F02 - 1,1F02 - 2,QpZAG9 - 1,QpZAG9 - 2,,,,,,,,
QAc-G-0029,AP,210,212,171,175,206,206,165,165,256,262,,,,,,,,
QAc-G-0030,AP,210,202,175,185,206,206,165,165,262,246,,,,,,,,
QAc-G-0031,AP,212,202,175,185,206,206,165,165,262,262,,,,,,,,
QAc-G-0061,Arnold,212,226,185,181,206,206,165,173,262,258,,,,,,,,
QAc-G-0062,Arnold,226,216,175,179,206,206,163,167,258,254,,,,,,,,
QAc-G-0063,Arnold,200,200,181,179,206,206,161,161,254,250,,,,,,,,
QAc-G-0064,Arnold,202,216,179,179,206,206,161,161,256,258,,,,,,,,
QAc-G-0065,Arnold,202,226,171,175,206,206,167,167,258,258,,,,,,,,
QAc-G-0066,Arnold,226,200,181,181,206,206,161,161,250,250,,,,,,,,
QAc-G-0067,Arnold,202,226,171,175,206,206,161,161,258,254,,,,,,,,
QAc-G-0068,Arnold,226,200,175,181,206,206,161,161,256,254,,,,,,,,
QAc-G-0070,Arnold,226,200,175,179,206,206,161,161,254,250,,,,,,,,
QAc-G-0071,Arnold,212,226,173,173,0,0,0,0,250,242,,,,,,,,
QAc-G-0072,Arnold,212,200,181,173,206,206,161,161,250,250,,,,,,,,
QAc-G-0073,Arnold,212,200,171,173,206,206,167,161,258,252,,,,,,,,
QAc-G-0074,Arnold,200,200,181,173,206,206,161,161,258,258,,,,,,,,
QAc-G-0075,Arnold,212,202,171,175,206,206,163,161,246,248,,,,,,,,
QAc-G-0076,Arnold,200,200,175,173,206,206,161,153,258,258,,,,,,,,
QAc-G-0077,Arnold,202,216,181,181,206,206,165,173,262,262,,,,,,,,
QAc-G-0078,Arnold,210,202,175,185,206,206,165,165,262,262,,,,,,,,
QAc-G-0079,Arnold,210,200,171,185,206,206,165,165,262,262,,,,,,,,
QAc-G-0080,Arnold,226,224,171,181,206,206,173,167,256,242,,,,,,,,
QAc-G-0081,Arnold,200,218,185,177,206,206,163,171,254,242,,,,,,,,
QAc-G-0082,Arnold,200,222,171,183,206,208,163,167,252,252,,,,,,,,
QAc-G-0083,Arnold,216,200,179,173,206,206,161,161,254,242,,,,,,,,
QAc-G-0001,Bartlett,0,0,0,0,206,206,165,165,262,262,,,,,,,,
QAc-G-0002,Bartlett,210,202,171,185,206,206,165,165,262,262,,,,,,,,
QAc-G-0285,CBG,200,228,179,177,206,206,165,165,254,250,,,,,,,,
QAc-G-0286,CBG,212,200,181,173,206,206,161,161,254,250,,,,,,,,
QAc-G-0287,CBG,212,200,181,173,206,206,161,161,250,250,,,,,,,,
QAc-G-0288,CBG,226,200,0,0,206,206,161,161,250,250,,,,,,,,
QAc-G-0289,CBG,226,200,181,181,206,206,161,161,256,250,,,,,,,,
QAc-G-0290,CBG,226,200,181,173,206,206,161,161,256,254,,,,,,,,
QAc-G-0291,CBG,226,200,181,173,206,206,165,161,250,250,,,,,,,,
QAc-G-0292,CBG,200,214,181,179,206,206,163,161,254,250,,,,,,,,
QAc-G-0293,CBG,212,228,173,177,206,206,165,161,250,242,,,,,,,,
QAc-G-0294,CBG,212,200,171,171,206,206,165,163,246,258,,,,,,,,
QAc-G-0295,CBG,200,208,173,173,206,206,165,167,246,248,,,,,,,,
QAc-G-0296,CBG,200,224,181,173,206,206,161,161,246,258,,,,,,,,
QAc-G-0297,CBG,200,220,171,187,206,206,161,179,248,260,,,,,,,,
QAc-G-0298,CBG,212,208,0,0,206,206,165,161,256,258,,,,,,,,
QAc-G-0299,CBG,200,200,171,181,206,206,161,157,258,248,,,,,,,,
QAc-G-0300,CBG,212,200,171,173,206,206,163,167,256,258,,,,,,,,
QAc-G-0301,CBG,212,202,171,171,206,206,167,161,254,248,,,,,,,,
QAc-G-0302,CBG,210,208,171,187,206,208,163,161,256,246,,,,,,,,
QAc-G-0303,CBG,210,200,171,171,206,206,163,149,242,248,,,,,,,,
QAc-G-0304,CBG,212,224,173,173,206,206,161,161,256,250,,,,,,,,
QAc-G-0305,CBG,200,214,181,173,206,206,161,161,254,242,,,,,,,,
QAc-G-0306,CBG,226,200,181,181,206,206,161,161,254,250,,,,,,,,
QAc-G-0307,CBG,210,216,171,175,206,206,165,173,256,262,,,,,,,,
QAc-G-0308,CBG,212,226,181,181,206,206,173,173,256,262,,,,,,,,
QAc-G-0309,CBG,210,200,171,175,206,198,165,165,262,262,,,,,,,,
QAc-G-0310,CBG,212,200,171,175,206,206,165,165,262,262,,,,,,,,
QAc-G-0311,CBG,210,226,181,181,206,206,173,173,262,252,,,,,,,,
QAc-G-0312,CBG,210,216,171,175,206,206,173,161,256,248,,,,,,,,
QAc-G-0313,CBG,212,202,171,173,206,204,165,163,258,254,,,,,,,,
QAc-G-0314,CBG,212,202,173,183,206,206,163,177,256,258,,,,,,,,
QAc-G-0315,CBG,212,206,173,187,206,218,163,177,258,250,,,,,,,,
QAc-G-0316,CBG,212,200,179,187,206,208,163,171,258,264,,,,,,,,
QAc-G-0032,DBG,212,202,175,175,206,206,167,161,248,248,,,,,,,,
QAc-G-0033,DBG,200,200,171,171,206,206,161,161,246,248,,,,,,,,
QAc-G-0034,DBG,210,212,171,171,206,206,167,161,258,248,,,,,,,,
QAc-G-0035,DBG,200,200,181,189,206,206,165,161,254,260,,,,,,,,
QAc-G-0036,DBG,212,212,181,187,206,206,161,161,258,248,,,,,,,,
QAc-G-0037,DBG,200,200,181,173,206,206,165,167,258,252,,,,,,,,
QAc-G-0038,DBG,200,200,173,173,206,206,161,161,258,248,,,,,,,,
QAc-G-0039,DBG,210,212,181,173,206,206,165,163,246,258,,,,,,,,
QAc-G-0040,DBG,200,224,173,173,206,206,165,161,258,248,,,,,,,,
QAc-G-0041,DBG,200,200,179,173,206,206,165,161,258,258,,,,,,,,
QAc-G-0042,DBG,200,200,181,173,206,206,161,161,256,248,,,,,,,,
QAc-G-0043,DBG,212,200,181,173,206,206,165,161,258,260,,,,,,,,
QAc-G-0044,DBG,200,200,173,173,206,206,161,161,256,248,,,,,,,,
QAc-G-0045,DBG,200,200,171,181,206,206,161,161,258,258,,,,,,,,
QAc-G-0046,DBG,212,200,185,187,206,206,165,165,258,258,,,,,,,,
QAc-G-0047,DBG,200,200,181,173,206,206,165,167,258,260,,,,,,,,
QAc-G-0048,DBG,200,224,171,173,206,206,163,167,246,258,,,,,,,,
QAc-G-0049,DBG,212,202,175,175,206,206,165,165,262,262,,,,,,,,
QAc-G-0050,DBG,210,216,171,175,206,206,173,171,256,244,,,,,,,,
QAc-G-0051,DBG,210,202,175,185,206,206,165,165,262,242,,,,,,,,
QAc-G-0052,DBG,212,216,175,191,206,206,173,167,262,252,,,,,,,,
QAc-G-0053,DBG,212,226,181,181,206,206,173,173,262,262,,,,,,,,
QAc-G-0054,DBG,210,226,181,187,206,206,173,167,256,252,,,,,,,,
QAc-G-0055,DBG,210,226,171,181,206,206,165,173,256,252,,,,,,,,
QAc-G-0056,DBG,216,196,175,187,206,206,161,161,256,256,,,,,,,,
QAc-G-0057,DBG,210,200,171,175,206,206,165,165,262,242,,,,,,,,
QAc-G-0058,DBG,210,202,171,185,206,206,165,165,262,242,,,,,,,,
QAc-G-0059,DBG,210,216,175,185,206,206,173,171,252,252,,,,,,,,
QAc-G-0060,DBG,226,208,175,185,206,206,173,173,256,258,,,,,,,,
QAc-G-0276,FGT,226,224,181,173,206,206,161,161,242,242,,,,,,,,
QAc-G-0279,FGT,226,200,175,181,206,206,161,161,256,250,,,,,,,,
QAc-G-0280,FGT,212,200,0,0,206,206,161,161,256,254,,,,,,,,
QAc-G-0281,FGT,210,226,181,173,206,206,173,173,256,242,,,,,,,,
QAc-G-0018,HBG,212,200,171,173,206,206,167,161,258,248,,,,,,,,
QAc-G-0019,HBG,212,224,173,173,206,206,167,161,256,254,,,,,,,,
QAc-G-0020,HBG,200,200,173,173,206,206,165,165,258,252,,,,,,,,
QAc-G-0021,HBG,202,202,171,173,206,206,0,0,258,252,,,,,,,,
QAc-G-0022,HBG,202,200,171,187,206,206,0,0,258,242,,,,,,,,
QAc-G-0023,HBG,210,200,171,181,206,206,165,173,242,242,,,,,,,,
QAc-G-0024,HBG,212,200,171,171,206,206,165,165,262,246,,,,,,,,
QAc-G-0016,HBG,210,226,181,173,206,206,173,161,252,248,,,,,,,,
QAc-G-0017,HBG,210,202,171,183,206,204,163,167,258,248,,,,,,,,
QAc-G-0250,Meise,226,224,179,173,206,206,161,161,252,252,,,,,,,,
QAc-G-0003,MBG,226,200,0,0,206,206,161,161,256,250,,,,,,,,
QAc-G-0004,MBG,210,200,171,171,206,204,165,163,248,260,,,,,,,,
QAc-G-0005,MBG,202,226,171,175,206,206,167,161,258,258,,,,,,,,
QAc-G-0006,MBG,200,208,171,183,206,206,163,163,252,252,,,,,,,,
QAc-G-0283,Moore,220,238,183,187,206,206,163,167,242,242,,,,,,,,
QAc-G-0265,MA,200,224,171,171,206,208,165,165,246,254,,,,,,,,
QAc-G-0266,MA,212,202,175,175,206,206,165,165,262,242,,,,,,,,
QAc-G-0267,MA,216,224,179,173,206,206,165,167,256,248,,,,,,,,
QAc-G-0268,MA,226,200,0,0,206,206,161,161,0,0,,,,,,,,
QAc-G-0269,MA,212,200,175,181,206,206,161,161,250,250,,,,,,,,
QAc-G-0270,MA,212,224,171,173,206,206,161,161,256,258,,,,,,,,
QAc-G-0271,MA,202,121,171,187,206,206,163,167,246,254,,,,,,,,
QAc-G-0272,MA,200,224,181,173,206,206,161,161,246,248,,,,,,,,
QAc-G-0273,MA,210,216,175,173,206,206,165,173,256,242,,,,,,,,
QAc-G-0274,MA,202,216,171,179,206,206,167,161,256,258,,,,,,,,
QAc-G-0251,Peckerwood,210,212,171,171,206,206,161,161,256,248,,,,,,,,
QAc-G-0252,Peckerwood,210,212,171,173,206,206,161,161,258,248,,,,,,,,
QAc-G-0253,Peckerwood,216,200,175,173,206,206,165,173,242,252,,,,,,,,
QAc-G-0254,Peckerwood,210,202,175,185,206,206,165,165,262,242,,,,,,,,
QAc-G-0255,Peckerwood,200,208,171,183,206,206,161,171,254,254,,,,,,,,
QAc-G-0256,Peckerwood,200,214,171,181,206,206,163,161,248,248,,,,,,,,
QAc-G-0257,Peckerwood,210,206,171,191,206,206,163,161,256,248,,,,,,,,
QAc-G-0258,Peckerwood,210,204,171,183,206,206,163,161,254,248,,,,,,,,
QAc-G-0259,Peckerwood,200,190,163,165,206,208,163,155,260,276,,,,,,,,
QAc-G-0260,Peckerwood,226,200,185,173,206,206,161,171,256,250,,,,,,,,
QAc-G-0261,Peckerwood,226,216,171,175,206,206,167,171,258,248,,,,,,,,
QAc-G-0262,Peckerwood,226,200,175,173,206,206,163,171,248,248,,,,,,,,
QAc-G-0010,TMA,200,228,179,177,206,206,165,161,254,250,,,,,,,,
QAc-G-0011,TMA,210,212,179,173,206,206,163,167,258,258,,,,,,,,
QAc-G-0015,TMA,210,202,175,183,206,206,165,165,242,252,,,,,,,,
QAc-G-0106,TMA,210,198,171,191,206,206,161,161,248,248,,,,,,,,
QAc-G-0107,TMA,210,214,171,187,206,206,163,161,248,248,,,,,,,,
QAc-G-0108,TMA,210,232,171,173,206,206,163,161,246,258,,,,,,,,
QAc-G-0109,TMA,210,216,171,173,206,204,163,167,242,248,,,,,,,,
QAc-G-0110,TMA,200,200,171,187,206,206,161,175,242,248,,,,,,,,
QAc-G-0111,TMA,210,200,171,187,206,206,163,167,242,248,,,,,,,,
QAc-G-0112,TMA,210,210,171,183,206,218,165,161,256,246,,,,,,,,
QAc-G-0113,TMA,226,216,171,171,206,206,173,161,258,248,,,,,,,,
QAc-G-0114,TMA,200,206,171,183,206,206,161,157,248,260,,,,,,,,
QAc-G-0115,TMA,212,200,171,183,206,206,163,169,252,248,,,,,,,,
QAc-G-0116,TMA,210,206,171,171,206,206,163,161,242,248,,,,,,,,
QAc-G-0117,TMA,200,214,171,171,206,206,167,161,258,252,,,,,,,,
QAc-G-0118,TMA,200,206,171,179,206,206,161,157,256,246,,,,,,,,
QAc-G-0119,TMA,200,208,171,183,206,206,163,163,246,254,,,,,,,,
QAc-G-0120,TMA,210,212,171,183,206,206,161,175,246,254,,,,,,,,
QAc-G-0121,TMA,202,200,171,173,206,206,167,167,256,254,,,,,,,,
QAc-G-0122,TMA,202,200,179,173,206,206,161,161,258,258,,,,,,,,
QAc-G-0123,TMA,216,216,171,171,206,206,167,167,256,254,,,,,,,,
QAc-G-0124,TMA,202,216,171,171,206,206,167,161,256,254,,,,,,,,
QAc-G-0125,TMA,202,222,179,173,206,204,165,167,258,254,,,,,,,,
QAc-G-0126,TMA,202,206,171,173,206,206,173,167,258,240,,,,,,,,
QAc-G-0127,TMA,202,216,171,179,206,206,161,161,256,258,,,,,,,,
QAc-G-0128,TMA,202,226,171,175,206,206,167,161,256,258,,,,,,,,
QAc-G-0129,TMA,226,216,171,171,206,206,167,161,256,254,,,,,,,,
QAc-G-0130,TMA,216,216,179,179,206,206,167,161,258,258,,,,,,,,
QAc-G-0131,TMA,202,200,171,173,206,206,167,167,256,254,,,,,,,,
QAc-G-0132,TMA,202,216,171,171,206,206,161,161,258,258,,,,,,,,
QAc-G-0133,TMA,202,202,179,179,206,206,161,161,258,258,,,,,,,,
QAc-G-0134,TMA,226,200,171,175,206,206,167,167,258,254,,,,,,,,
QAc-G-0135,TMA,210,200,171,183,206,206,163,169,256,246,,,,,,,,
QAc-G-0136,TMA,210,216,171,187,206,206,163,161,252,248,,,,,,,,
QAc-G-0137,TMA,210,200,171,171,206,206,163,161,248,260,,,,,,,,
QAc-G-0138,TMA,210,216,171,183,206,206,161,171,242,242,,,,,,,,
QAc-G-0139,TMA,200,206,171,173,206,206,163,169,258,248,,,,,,,,
QAc-G-0140,TMA,214,214,171,181,206,206,163,161,258,248,,,,,,,,
QAc-G-0141,TMA,200,214,171,181,206,206,167,161,258,242,,,,,,,,
QAc-G-0142,TMA,210,204,171,183,206,206,161,157,246,260,,,,,,,,
QAc-G-0143,TMA,212,208,187,193,206,206,173,169,254,248,,,,,,,,
QAc-G-0144,TMA,210,204,171,173,206,230,163,177,252,252,,,,,,,,
QAc-G-0145,TMA,212,200,175,173,206,206,161,161,250,250,,,,,,,,
QAc-G-0146,TMA,202,226,171,179,206,206,167,161,256,254,,,,,,,,
QAc-G-0147,TMA,216,214,171,173,206,204,163,161,256,248,,,,,,,,
QAc-G-0148,TMA,214,214,173,187,206,206,165,161,256,248,,,,,,,,
QAc-G-0149,TMA,202,200,179,173,206,206,167,167,258,254,,,,,,,,
QAc-G-0150,TMA,226,200,175,181,206,206,161,161,250,250,,,,,,,,
QAc-G-0151,TMA,226,216,171,179,206,206,161,161,258,254,,,,,,,,
QAc-G-0152,TMA,226,216,171,179,206,206,167,167,256,254,,,,,,,,
QAc-G-0153,TMA,226,216,179,177,206,206,167,161,256,258,,,,,,,,
QAc-G-0154,TMA,202,216,171,179,206,206,161,161,258,258,,,,,,,,
QAc-G-0155,TMA,216,216,171,179,206,206,167,161,258,254,,,,,,,,
QAc-G-0158,TMA,226,216,175,179,206,206,167,167,256,254,,,,,,,,
QAc-G-0159,TMA,212,200,171,175,206,206,163,163,258,258,,,,,,,,
QAc-G-0160,TMA,212,200,181,181,206,206,161,161,250,250,,,,,,,,
QAc-G-0161,TMA,212,200,181,173,206,206,161,161,250,250,,,,,,,,
QAc-G-0162,TMA,200,224,175,173,206,206,161,161,258,252,,,,,,,,
QAc-G-0163,TMA,212,224,173,173,206,206,161,161,256,250,,,,,,,,
QAc-G-0164,TMA,212,200,181,173,206,206,161,159,250,250,,,,,,,,
QAc-G-0165,TMA,226,200,175,181,206,206,161,161,256,254,,,,,,,,
QAc-G-0166,TMA,226,200,175,173,206,206,161,161,256,250,,,,,,,,
QAc-G-0167,TMA,212,200,175,173,206,206,161,161,250,250,,,,,,,,
QAc-G-0168,TMA,212,200,175,181,206,206,161,161,250,250,,,,,,,,
QAc-G-0169,TMA,200,206,0,0,206,206,161,157,254,254,,,,,,,,
QAc-G-0170,TMA,212,200,175,173,206,206,161,161,256,254,,,,,,,,
QAc-G-0171,TMA,212,224,173,173,206,206,161,161,256,250,,,,,,,,
QAc-G-0172,TMA,210,200,171,175,206,206,167,161,242,242,,,,,,,,
QAc-G-0173,TMA,212,228,173,177,206,206,165,161,250,242,,,,,,,,
QAc-G-0174,TMA,228,214,179,177,206,206,165,161,250,248,,,,,,,,
QAc-G-0175,TMA,226,200,181,181,206,206,161,161,250,250,,,,,,,,
QAc-G-0176,TMA,212,200,181,173,206,206,161,161,256,252,,,,,,,,
QAc-G-0177,TMA,212,200,181,173,206,206,161,161,256,254,,,,,,,,
QAc-G-0178,TMA,226,226,179,173,206,206,161,159,254,250,,,,,,,,
QAc-G-0179,TMA,212,224,173,173,206,206,161,161,256,250,,,,,,,,
QAc-G-0180,TMA,212,200,181,173,206,206,161,161,250,250,,,,,,,,
QAc-G-0181,TMA,226,200,181,173,206,206,161,161,250,250,,,,,,,,
QAc-G-0182,TMA,226,200,179,173,206,204,161,161,250,248,,,,,,,,
QAc-G-0183,TMA,226,200,181,181,206,204,161,161,256,250,,,,,,,,
QAc-G-0184,TMA,226,200,175,181,206,206,161,161,250,250,,,,,,,,
QAc-G-0185,TMA,226,200,181,179,206,206,161,161,254,250,,,,,,,,
QAc-G-0186,TMA,212,224,173,173,206,206,161,161,250,250,,,,,,,,
QAc-G-0187,TMA,200,200,175,181,206,206,161,159,250,250,,,,,,,,
QAc-G-0188,TMA,200,208,181,183,206,206,161,171,254,250,,,,,,,,
QAc-G-0189,TMA,226,200,181,173,206,206,161,161,250,242,,,,,,,,
QAc-G-0190,TMA,212,200,175,173,206,206,161,161,256,254,,,,,,,,
QAc-G-0191,TMA,212,200,175,173,206,206,161,161,256,254,,,,,,,,
QAc-G-0192,TMA,212,200,181,173,206,206,161,161,250,250,,,,,,,,
QAc-G-0193,TMA,212,200,181,181,206,206,161,161,256,250,,,,,,,,
QAc-G-0194,TMA,212,200,181,173,206,206,161,161,256,250,,,,,,,,
QAc-G-0195,TMA,200,228,179,177,206,206,165,165,242,242,,,,,,,,
QAc-G-0196,TMA,200,224,175,177,206,206,161,161,250,250,,,,,,,,
QAc-G-0197,TMA,212,200,181,173,206,206,161,161,256,250,,,,,,,,
QAc-G-0198,TMA,200,224,175,173,206,206,161,161,250,250,,,,,,,,
QAc-G-0199,TMA,226,200,181,179,206,206,161,161,254,254,,,,,,,,
QAc-G-0200,TMA,212,200,181,173,206,206,161,161,256,250,,,,,,,,
QAc-G-0201,TMA,200,224,181,177,206,206,161,161,250,250,,,,,,,,
QAc-G-0202,TMA,0,0,181,173,206,206,165,161,250,242,,,,,,,,
QAc-G-0203,TMA,226,200,181,181,206,206,161,161,250,250,,,,,,,,
QAc-G-0204,TMA,212,200,175,173,206,206,161,161,254,250,,,,,,,,
QAc-G-0205,TMA,210,202,175,185,206,206,165,165,262,262,,,,,,,,
QAc-G-0206,TMA,210,208,185,185,206,206,165,171,262,252,,,,,,,,
QAc-G-0207,TMA,216,200,175,173,206,206,165,173,256,242,,,,,,,,
QAc-G-0208,TMA,212,202,171,175,206,206,165,165,262,242,,,,,,,,
QAc-G-0209,TMA,210,200,175,185,206,206,165,165,262,242,,,,,,,,
QAc-G-0210,TMA,210,226,185,181,206,206,165,173,262,262,,,,,,,,
QAc-G-0211,TMA,210,216,175,181,206,206,173,173,242,252,,,,,,,,
QAc-G-0212,TMA,212,202,175,181,206,206,165,173,256,262,,,,,,,,
QAc-G-0213,TMA,200,218,181,173,206,206,165,173,256,262,,,,,,,,
QAc-G-0214,TMA,212,202,175,175,206,206,165,165,262,246,,,,,,,,
QAc-G-0215,TMA,216,208,175,185,206,206,173,173,256,246,,,,,,,,
QAc-G-0216,TMA,200,200,171,171,206,208,165,163,242,252,,,,,,,,
QAc-G-0217,TMA,202,202,171,181,206,206,173,173,262,242,,,,,,,,
QAc-G-0218,TMA,202,218,181,181,206,206,173,173,256,242,,,,,,,,
QAc-G-0219,TMA,212,226,181,181,206,206,173,167,262,252,,,,,,,,
QAc-G-0220,TMA,212,218,181,181,206,206,165,173,262,246,,,,,,,,
QAc-G-0221,TMA,210,218,185,181,206,206,173,173,262,258,,,,,,,,
QAc-G-0222,TMA,212,200,175,185,206,206,165,165,262,246,,,,,,,,
QAc-G-0223,TMA,210,218,171,181,206,206,165,173,262,242,,,,,,,,
QAc-G-0224,TMA,212,216,175,181,206,206,165,173,246,252,,,,,,,,
QAc-G-0226,TMA,212,200,171,175,206,206,165,165,262,242,,,,,,,,
QAc-G-0227,TMA,212,224,171,173,206,206,163,161,256,258,,,,,,,,
QAc-G-0228,TMA,212,200,171,173,206,206,165,161,252,248,,,,,,,,
QAc-G-0229,TMA,210,212,171,187,206,206,167,161,256,248,,,,,,,,
QAc-G-0230,TMA,200,208,173,173,206,206,165,161,258,260,,,,,,,,
QAc-G-0231,TMA,210,226,181,173,206,206,173,173,262,262,,,,,,,,
QAc-G-0232,TMA,212,200,171,187,206,206,167,167,258,258,,,,,,,,
QAc-G-0233,TMA,200,218,185,173,206,206,167,155,260,260,,,,,,,,
QAc-G-0234,TMA,212,200,171,173,206,206,161,161,258,258,,,,,,,,
QAc-G-0235,TMA,210,200,171,171,206,206,161,169,242,242,,,,,,,,
QAc-G-0236,TMA,200,200,171,173,206,206,165,161,258,248,,,,,,,,
QAc-G-0237,TMA,210,212,171,173,206,206,161,161,256,246,,,,,,,,
QAc-G-0238,TMA,200,200,181,173,206,206,165,161,252,248,,,,,,,,
QAc-G-0239,TMA,200,200,173,173,206,206,167,167,252,248,,,,,,,,
QAc-G-0240,TMA,212,212,171,171,206,206,163,161,256,248,,,,,,,,
QAc-G-0241,TMA,200,224,171,171,206,206,167,161,242,248,,,,,,,,
QAc-G-0242,TMA,200,200,173,173,206,206,165,167,258,260,,,,,,,,
QAc-G-0243,TMA,216,200,171,173,206,206,165,163,258,258,,,,,,,,
QAc-G-0244,TMA,212,224,171,173,206,206,163,161,246,248,,,,,,,,
QAc-G-0245,TMA,212,224,171,171,206,206,161,161,256,248,,,,,,,,
QAc-G-0246,TMA,200,200,171,173,206,206,167,167,258,248,,,,,,,,
QAc-G-0247,TMA,200,200,173,173,206,206,165,167,252,248,,,,,,,,
QAc-G-0248,TMA,200,200,171,189,206,206,161,157,252,248,,,,,,,,
QAc-G-0249,TTA,210,218,183,187,206,206,163,161,256,244,,,,,,,,
QAc-G-0025,USNA,212,200,171,175,206,206,165,165,262,242,,,,,,,,
QAc-G-0028,USNA,200,200,185,181,206,206,167,161,258,258,,,,,,,,
QAc-G-0275,UWBG,226,200,181,173,206,206,165,173,242,252,,,,,,,,
QAc-G-0263,ZBGP,200,228,185,177,206,206,161,177,254,252,,,,,,,,
