10,277,17,3,22,2,32,29,4,9,1,4,1,10,12,143,1,2,1,1,,
,,,AP,Arnold,Bartlett,CBG,DBG,FGT,HBG,Meise,MBG,Moore,MA,Peckerwood,TMA,TTA,USNA,UWBG,ZBGP,,
Sample ID,POP,FIR031 - 1,FIR031 - 2,GOT009 - 1,GOT009 - 2,POR016 - 1,POR016 - 2,FIR013 - 1,FIR013 - 2,FIR043 - 1,FIR043 - 2,GOTO40 - 1,GOTO40 - 2,PIE039 - 1,PIE039 - 2,FIR53 - 1,FIR53 - 2,FIR048 - 1,FIR048 - 2,PIE125 - 1,PIE125 - 2
QAc-G-0029,AP,148,148,225,239,118,118,135,139,116,116,232,232,165,165,137,140,206,210,139,145
QAc-G-0030,AP,148,160,225,229,118,118,139,139,116,112,232,232,165,165,134,134,206,206,151,151
QAc-G-0031,AP,148,146,229,235,118,118,139,139,116,112,232,232,165,167,137,134,206,210,151,151
QAc-G-0061,Arnold,148,146,229,229,118,118,139,139,116,118,232,232,165,165,140,140,206,210,151,151
QAc-G-0062,Arnold,154,154,239,235,118,118,139,139,122,122,232,232,165,167,137,134,190,202,139,157
QAc-G-0063,Arnold,148,150,239,237,118,118,135,139,122,114,232,232,165,165,137,134,206,214,139,154
QAc-G-0064,Arnold,138,138,239,233,124,124,139,139,120,130,232,232,165,165,137,134,202,202,151,157
QAc-G-0065,Arnold,160,166,233,227,118,118,139,139,120,130,232,232,165,165,137,137,202,202,151,157
QAc-G-0066,Arnold,148,146,225,235,118,118,139,139,116,122,232,232,165,167,134,134,210,212,151,157
QAc-G-0067,Arnold,166,164,227,227,118,124,139,139,118,118,232,232,165,165,137,137,206,192,151,157
QAc-G-0068,Arnold,142,142,225,235,116,116,137,137,122,122,232,232,165,167,137,137,210,212,151,157
QAc-G-0070,Arnold,144,144,239,235,118,118,139,139,116,116,232,232,165,167,137,137,212,204,145,157
QAc-G-0071,Arnold,144,144,225,235,118,118,139,139,122,122,232,232,165,167,134,134,210,210,139,151
QAc-G-0072,Arnold,148,146,225,239,118,118,139,139,116,124,232,232,165,165,137,137,210,212,151,157
QAc-G-0073,Arnold,144,144,235,235,118,118,135,135,116,114,232,232,165,165,140,140,192,184,139,157
QAc-G-0074,Arnold,148,140,235,237,118,118,139,139,112,114,232,232,165,161,137,134,214,204,139,154
QAc-G-0075,Arnold,144,140,235,237,118,118,139,139,116,114,232,232,165,161,140,134,214,216,151,157
QAc-G-0076,Arnold,138,158,239,245,118,118,135,139,116,130,232,232,165,161,140,140,210,208,151,151
QAc-G-0077,Arnold,148,146,239,233,118,118,139,139,116,116,232,232,165,165,140,140,210,200,151,151
QAc-G-0078,Arnold,148,160,225,229,118,118,139,139,116,112,232,232,165,165,140,134,210,200,151,151
QAc-G-0079,Arnold,148,146,229,229,118,118,139,139,116,112,232,232,165,165,134,134,210,200,151,151
QAc-G-0080,Arnold,146,162,235,241,118,118,139,139,118,118,232,232,165,161,137,134,192,184,145,163
QAc-G-0081,Arnold,148,152,237,231,118,118,135,135,116,114,232,232,165,165,137,134,202,198,151,157
QAc-G-0082,Arnold,146,162,237,237,118,118,135,135,116,110,232,232,165,161,137,134,190,194,157,142
QAc-G-0083,Arnold,146,146,239,233,118,118,139,139,116,112,232,232,165,165,140,140,204,194,151,151
QAc-G-0001,Bartlett,148,160,225,229,118,118,139,139,116,118,232,232,165,165,134,134,210,200,151,151
QAc-G-0002,Bartlett,148,146,225,229,118,118,139,139,116,118,232,232,165,165,140,134,206,210,139,151
QAc-G-0285,CBG,148,146,237,237,118,118,139,137,122,122,232,232,165,165,137,134,194,194,151,151
QAc-G-0286,CBG,146,144,225,235,118,118,139,139,122,122,232,232,165,167,137,134,210,210,151,154
QAc-G-0287,CBG,148,148,239,239,118,118,139,139,122,122,232,232,165,165,137,134,214,212,139,151
QAc-G-0288,CBG,148,148,225,239,118,118,139,137,116,116,232,232,165,165,137,134,206,214,154,154
QAc-G-0289,CBG,148,146,239,239,118,118,139,139,122,114,232,232,165,165,137,137,210,212,139,151
QAc-G-0290,CBG,148,148,225,239,118,118,139,139,122,122,232,232,165,165,137,137,210,212,151,157
QAc-G-0291,CBG,148,146,239,239,118,118,139,139,122,122,232,232,165,165,137,134,210,186,139,151
QAc-G-0292,CBG,154,154,239,237,118,118,139,139,116,122,232,232,165,165,137,134,194,186,139,151
QAc-G-0293,CBG,146,146,225,239,118,118,139,139,122,122,232,232,165,165,134,134,210,194,151,151
QAc-G-0294,CBG,150,152,235,245,118,124,135,139,116,116,232,232,165,161,137,134,210,202,151,157
QAc-G-0295,CBG,146,138,239,239,118,118,139,139,116,116,232,232,165,165,140,140,192,216,157,157
QAc-G-0296,CBG,144,140,235,237,118,124,139,139,120,130,232,232,165,165,137,140,192,208,151,157
QAc-G-0297,CBG,140,162,237,237,118,118,139,137,114,114,232,232,165,161,137,140,192,188,139,157
QAc-G-0298,CBG,138,144,237,237,118,118,139,139,116,120,232,232,161,161,140,134,192,216,139,157
QAc-G-0299,CBG,150,144,239,237,118,118,139,139,114,114,232,232,165,161,140,140,206,216,139,151
QAc-G-0300,CBG,144,140,235,233,118,118,139,139,116,130,232,232,165,165,137,137,192,208,157,157
QAc-G-0301,CBG,140,140,239,235,118,118,139,139,114,120,232,232,165,165,140,134,210,192,139,157
QAc-G-0302,CBG,148,166,237,227,118,118,139,137,114,124,232,238,165,165,137,134,200,194,157,160
QAc-G-0303,CBG,150,166,227,243,118,118,139,139,122,122,232,232,165,165,137,137,194,194,145,160
QAc-G-0304,CBG,146,146,239,239,118,118,139,139,116,122,232,232,165,165,134,134,212,186,139,151
QAc-G-0305,CBG,146,144,239,235,118,118,139,139,116,118,232,232,165,167,137,134,210,200,154,154
QAc-G-0306,CBG,148,148,235,235,118,118,139,139,122,122,232,232,165,167,134,134,210,212,151,154
QAc-G-0307,CBG,146,154,229,235,118,118,139,139,118,114,232,232,165,165,134,134,206,184,151,157
QAc-G-0308,CBG,144,158,235,235,118,118,139,137,116,118,232,232,165,165,140,134,210,184,151,151
QAc-G-0309,CBG,148,146,229,235,118,118,139,139,116,112,232,232,165,167,137,140,206,210,139,151
QAc-G-0310,CBG,148,146,229,229,118,118,139,139,116,112,232,232,165,165,137,140,206,206,151,151
QAc-G-0311,CBG,146,162,229,235,118,118,139,139,118,118,232,232,165,165,140,134,206,184,139,145
QAc-G-0312,CBG,146,152,235,241,118,118,139,139,116,118,232,232,165,165,137,134,192,184,145,163
QAc-G-0313,CBG,146,154,237,231,118,118,139,143,116,112,232,232,165,167,137,134,208,198,157,154
QAc-G-0314,CBG,148,152,237,231,118,118,139,139,116,114,232,238,165,161,137,140,206,196,157,157
QAc-G-0315,CBG,154,150,233,231,118,118,139,139,114,134,232,238,165,167,137,140,206,202,151,157
QAc-G-0316,CBG,148,154,225,231,118,118,139,139,118,118,232,232,165,165,137,137,206,198,151,157
QAc-G-0032,DBG,164,144,235,227,116,116,137,137,122,114,232,238,165,165,137,134,192,188,0,0
QAc-G-0033,DBG,148,140,235,233,118,124,139,139,116,114,232,232,165,165,137,140,206,216,151,157
QAc-G-0034,DBG,148,144,235,233,118,118,139,139,116,120,232,232,165,165,140,134,206,192,139,145
QAc-G-0035,DBG,144,152,235,233,118,124,135,139,116,114,232,232,165,165,137,134,190,202,157,157
QAc-G-0036,DBG,148,144,235,237,118,124,139,139,112,120,232,232,165,161,137,140,206,216,157,154
QAc-G-0037,DBG,146,152,239,235,118,124,135,139,116,130,232,220,165,165,140,134,210,192,157,157
QAc-G-0038,DBG,144,140,237,237,118,124,135,139,116,114,232,232,161,161,140,134,190,208,157,157
QAc-G-0039,DBG,148,152,235,237,118,118,135,139,116,116,232,232,165,165,137,137,202,208,157,157
QAc-G-0040,DBG,158,152,233,243,118,118,139,139,116,114,232,232,165,165,134,134,212,192,151,157
QAc-G-0041,DBG,144,140,235,243,118,124,135,139,116,120,232,220,165,165,140,134,184,216,157,157
QAc-G-0042,DBG,144,144,237,237,118,118,139,139,120,130,232,232,165,161,137,140,192,208,151,157
QAc-G-0043,DBG,138,144,237,243,118,118,135,135,116,130,232,232,165,161,140,134,210,184,151,157
QAc-G-0044,DBG,148,144,237,237,118,124,139,139,114,128,232,232,165,161,137,134,206,216,151,157
QAc-G-0045,DBG,144,140,235,233,118,118,139,139,116,118,232,232,165,165,140,134,206,192,139,157
QAc-G-0046,DBG,144,152,235,233,118,118,135,135,116,116,232,232,165,165,140,134,202,184,157,157
QAc-G-0047,DBG,148,152,235,237,118,118,135,139,116,116,232,232,165,165,137,140,202,200,151,157
QAc-G-0048,DBG,138,144,239,237,118,118,135,135,116,116,232,232,165,165,137,140,192,208,157,157
QAc-G-0049,DBG,148,146,225,235,118,118,139,139,116,118,232,232,165,167,137,140,210,200,151,151
QAc-G-0050,DBG,146,150,239,235,118,118,137,137,116,116,232,232,165,167,137,134,186,196,151,160
QAc-G-0051,DBG,146,146,229,235,118,118,139,139,116,112,232,232,165,167,140,134,210,200,139,151
QAc-G-0052,DBG,146,158,235,235,118,118,139,139,116,118,232,232,165,165,137,134,206,184,151,157
QAc-G-0053,DBG,148,148,239,233,118,118,135,139,116,118,232,232,165,165,140,140,206,206,151,151
QAc-G-0054,DBG,146,158,235,243,118,118,139,141,118,114,232,238,165,165,134,134,192,184,145,163
QAc-G-0055,DBG,146,158,235,237,118,118,139,139,118,114,232,232,165,161,134,134,184,196,145,142
QAc-G-0056,DBG,138,158,235,237,118,118,139,139,118,124,232,232,165,165,137,149,210,190,145,160
QAc-G-0057,DBG,148,160,229,235,118,118,139,139,116,118,232,232,165,167,140,134,210,200,151,151
QAc-G-0058,DBG,148,160,229,235,118,118,139,139,0,0,232,232,165,167,134,134,206,206,139,151
QAc-G-0059,DBG,146,146,235,237,118,118,135,135,118,118,232,232,165,161,134,131,202,184,145,157
QAc-G-0060,DBG,148,146,239,235,118,118,139,139,0,0,226,226,165,165,140,134,206,210,151,151
QAc-G-0276,FGT,144,152,239,235,118,118,139,139,112,122,232,232,165,167,140,134,210,194,139,154
QAc-G-0279,FGT,148,146,225,235,118,118,139,139,116,124,232,232,165,167,137,134,210,210,151,154
QAc-G-0280,FGT,148,146,225,239,118,118,139,139,124,124,232,232,165,165,134,134,210,208,151,157
QAc-G-0281,FGT,148,146,229,235,118,118,139,139,118,118,232,232,165,165,140,134,210,202,139,145
QAc-G-0018,HBG,148,144,235,235,118,118,139,139,118,126,232,232,165,165,140,134,206,216,139,157
QAc-G-0019,HBG,144,144,233,233,118,118,139,139,116,130,232,232,165,165,137,137,206,192,151,157
QAc-G-0020,HBG,144,152,233,243,118,124,135,139,116,116,234,234,165,165,137,134,192,184,157,157
QAc-G-0021,HBG,146,152,235,237,118,124,135,139,116,130,232,220,165,161,140,140,210,192,157,157
QAc-G-0022,HBG,138,140,239,237,118,118,139,139,116,114,232,232,165,165,137,140,192,192,145,157
QAc-G-0023,HBG,160,162,229,235,118,118,139,139,112,118,232,232,165,167,140,134,206,206,139,151
QAc-G-0024,HBG,148,160,229,229,118,118,139,139,116,118,232,232,165,165,137,140,206,206,139,151
QAc-G-0016,HBG,146,142,235,233,118,118,139,139,118,120,238,238,165,161,134,134,184,200,145,154
QAc-G-0017,HBG,144,144,239,231,118,118,139,139,122,122,232,232,165,165,137,134,202,204,157,157
QAc-G-0250,Meise,150,152,225,235,118,118,139,139,112,124,232,232,165,167,134,134,202,200,157,154
QAc-G-0003,MBG,146,144,235,235,118,118,139,139,116,122,232,232,165,167,137,137,210,214,151,154
QAc-G-0004,MBG,166,152,227,231,118,118,139,139,116,122,232,232,165,161,137,134,192,200,163,160
QAc-G-0005,MBG,166,166,227,227,118,118,139,139,122,130,232,232,165,165,137,137,206,192,151,157
QAc-G-0006,MBG,150,166,237,227,118,118,139,139,0,0,232,240,165,165,134,134,190,194,154,160
QAc-G-0283,Moore,138,144,235,237,118,118,139,139,112,114,232,232,165,165,137,134,190,194,157,154
QAc-G-0265,MA,160,146,235,235,118,118,139,139,112,112,232,232,167,153,137,134,206,190,151,151
QAc-G-0266,MA,148,146,225,235,118,118,139,139,116,118,232,232,165,167,140,134,206,210,139,151
QAc-G-0267,MA,144,144,239,233,118,118,139,139,112,112,232,232,165,165,140,140,192,194,157,154
QAc-G-0268,MA,148,150,241,241,118,118,0,0,122,122,232,236,165,169,134,134,210,208,151,154
QAc-G-0269,MA,148,146,239,239,118,118,139,139,116,122,232,232,165,165,134,134,210,214,151,157
QAc-G-0270,MA,148,140,237,237,118,118,139,139,120,130,232,232,165,161,137,140,206,216,0,0
QAc-G-0271,MA,144,140,235,233,118,124,139,137,116,116,232,232,165,165,137,140,202,214,157,157
QAc-G-0272,MA,148,144,237,237,118,118,139,139,116,114,232,232,165,161,137,134,206,192,0,0
QAc-G-0273,MA,148,158,229,235,118,118,139,139,118,118,232,232,165,165,137,134,202,184,139,151
QAc-G-0274,MA,138,166,239,233,124,124,139,139,120,130,232,232,165,165,137,137,206,202,151,157
QAc-G-0251,Peckerwood,144,140,235,237,118,124,139,139,120,130,232,232,165,161,137,134,206,216,0,0
QAc-G-0252,Peckerwood,138,140,235,237,118,118,139,137,114,120,232,232,165,161,134,134,210,192,157,157
QAc-G-0253,Peckerwood,146,162,229,235,118,114,139,139,118,118,232,232,165,165,134,134,206,184,139,145
QAc-G-0254,Peckerwood,148,146,229,229,118,114,139,139,116,118,232,232,165,165,137,140,206,210,151,151
QAc-G-0255,Peckerwood,134,134,235,227,118,118,139,137,114,126,232,238,165,165,137,140,200,200,151,157
QAc-G-0256,Peckerwood,146,166,233,227,118,118,139,139,122,114,232,238,165,165,137,134,202,200,151,160
QAc-G-0257,Peckerwood,138,138,235,227,118,118,139,137,122,130,232,232,165,165,137,143,202,200,157,160
QAc-G-0258,Peckerwood,144,134,237,227,118,122,139,137,122,122,238,244,165,161,137,140,202,200,151,157
QAc-G-0259,Peckerwood,146,152,245,251,118,118,143,143,114,120,238,238,167,155,137,137,184,184,157,160
QAc-G-0260,Peckerwood,138,138,233,245,118,118,139,139,122,130,238,238,165,165,137,140,206,220,151,163
QAc-G-0261,Peckerwood,138,156,239,237,118,124,139,139,116,122,232,232,165,161,137,137,202,198,157,163
QAc-G-0262,Peckerwood,138,156,239,237,118,114,139,139,112,122,232,238,165,165,137,137,202,202,151,163
QAc-G-0010,TMA,148,148,235,237,118,118,135,139,122,122,232,232,165,167,137,134,206,194,151,154
QAc-G-0011,TMA,148,154,231,231,118,118,141,141,116,114,232,232,165,165,137,137,206,198,157,157
QAc-G-0015,TMA,160,144,229,237,118,118,139,139,118,118,232,232,165,165,137,134,206,202,145,151
QAc-G-0106,TMA,166,140,237,227,118,118,139,139,122,120,238,238,165,161,134,143,202,200,151,163
QAc-G-0107,TMA,148,144,227,245,118,112,139,139,122,126,232,238,165,165,137,134,202,194,151,151
QAc-G-0108,TMA,144,144,239,227,118,118,139,137,114,114,238,238,165,161,137,134,202,200,151,151
QAc-G-0109,TMA,144,144,239,227,118,118,139,139,118,114,232,232,165,161,137,134,206,200,142,160
QAc-G-0110,TMA,144,144,235,227,118,118,139,139,114,114,232,238,165,161,137,134,210,200,151,154
QAc-G-0111,TMA,146,144,237,227,118,118,139,139,116,122,232,238,165,165,137,134,194,194,157,160
QAc-G-0112,TMA,144,144,237,227,118,118,139,139,122,122,238,238,165,165,137,134,200,186,151,151
QAc-G-0113,TMA,150,144,237,227,118,118,139,137,114,124,232,238,165,165,134,134,194,194,151,157
QAc-G-0114,TMA,148,148,235,227,118,118,139,137,122,126,232,232,165,165,140,134,194,188,157,160
QAc-G-0115,TMA,166,158,239,227,118,118,139,137,122,128,238,238,165,167,137,137,204,200,157,160
QAc-G-0116,TMA,144,152,239,227,118,118,139,139,118,122,232,232,165,167,137,134,202,200,151,160
QAc-G-0117,TMA,146,144,237,233,118,118,139,139,116,118,232,232,165,161,137,137,202,194,151,157
QAc-G-0118,TMA,144,134,237,227,118,118,139,137,122,128,232,238,165,161,134,143,204,200,151,157
QAc-G-0119,TMA,160,166,237,227,118,124,139,137,118,114,238,240,165,165,140,134,200,198,157,160
QAc-G-0120,TMA,144,152,237,227,118,118,139,137,118,114,232,232,165,165,137,128,194,188,151,157
QAc-G-0121,TMA,166,166,227,241,118,124,139,139,120,130,232,232,165,165,137,134,202,202,151,157
QAc-G-0122,TMA,166,166,239,241,118,118,139,139,122,122,232,232,165,165,137,134,206,202,151,157
QAc-G-0123,TMA,140,140,227,241,124,124,139,139,122,120,232,232,165,165,137,140,202,192,157,157
QAc-G-0124,TMA,140,140,227,241,118,118,139,139,0,0,232,232,165,165,137,137,206,192,151,157
QAc-G-0125,TMA,146,146,239,227,118,124,139,139,116,122,232,232,165,165,137,137,206,200,157,163
QAc-G-0126,TMA,144,144,239,235,118,118,139,139,118,122,232,238,165,165,137,137,202,196,157,157
QAc-G-0127,TMA,138,138,233,227,118,124,137,137,122,128,232,232,165,165,137,137,206,202,139,157
QAc-G-0128,TMA,166,166,239,233,118,118,139,139,122,122,232,232,165,165,137,137,206,192,151,157
QAc-G-0129,TMA,166,140,233,227,118,124,139,139,122,122,232,232,165,165,137,137,206,192,157,157
QAc-G-0130,TMA,144,144,233,227,118,118,137,137,122,128,232,232,165,165,137,137,202,202,151,157
QAc-G-0131,TMA,166,164,233,227,118,118,139,139,118,122,232,232,165,165,137,137,202,192,151,157
QAc-G-0132,TMA,146,146,227,241,124,124,139,139,122,130,232,232,165,165,137,137,204,200,151,157
QAc-G-0133,TMA,138,138,239,233,118,124,139,139,122,130,232,232,165,161,137,137,206,202,139,157
QAc-G-0134,TMA,160,140,227,241,118,118,139,139,122,128,232,232,165,165,137,137,192,192,151,157
QAc-G-0135,TMA,148,166,237,227,118,118,139,137,116,114,232,244,165,165,134,134,204,200,157,160
QAc-G-0136,TMA,144,144,235,227,118,118,139,139,112,122,232,232,165,167,137,134,200,194,151,160
QAc-G-0137,TMA,150,166,227,241,118,118,139,139,122,120,232,232,165,165,137,134,198,194,151,157
QAc-G-0138,TMA,154,166,237,227,118,118,139,139,118,114,238,238,165,165,137,134,200,194,151,151
QAc-G-0139,TMA,144,152,235,227,118,124,139,137,122,120,238,244,165,165,137,134,200,194,157,160
QAc-G-0140,TMA,146,144,233,233,118,118,139,139,0,0,238,238,165,165,137,137,202,192,151,160
QAc-G-0141,TMA,144,162,235,245,118,118,139,139,114,124,232,232,165,165,137,134,202,192,151,151
QAc-G-0142,TMA,144,134,237,227,118,118,139,137,122,114,232,238,165,165,137,134,204,200,151,157
QAc-G-0143,TMA,148,140,239,237,118,118,139,139,108,108,234,234,161,173,137,137,180,180,154,154
QAc-G-0144,TMA,142,144,237,227,118,118,139,139,0,0,232,236,165,167,140,134,200,194,154,160
QAc-G-0145,TMA,144,144,225,235,118,118,139,139,122,114,232,232,165,167,137,134,210,214,151,154
QAc-G-0146,TMA,140,140,239,233,118,124,139,139,118,120,232,232,165,165,137,137,202,192,151,157
QAc-G-0147,TMA,138,138,239,235,118,118,139,139,114,120,232,232,165,165,137,137,206,202,151,157
QAc-G-0148,TMA,150,150,235,233,118,118,139,139,120,126,232,238,165,167,137,137,198,194,157,163
QAc-G-0149,TMA,166,164,233,227,118,124,139,139,122,120,232,232,165,165,137,137,206,202,151,157
QAc-G-0150,TMA,148,146,235,235,118,118,139,139,122,122,232,232,165,167,137,134,210,212,151,157
QAc-G-0151,TMA,140,140,227,241,118,124,139,139,122,122,232,232,165,165,137,140,202,192,151,157
QAc-G-0152,TMA,140,140,239,241,118,124,139,139,118,120,232,232,165,165,137,140,206,192,157,157
QAc-G-0153,TMA,140,140,237,227,124,124,139,139,122,122,232,232,165,161,137,137,202,192,151,157
QAc-G-0154,TMA,144,144,239,233,118,124,139,139,122,128,232,232,165,161,137,134,206,202,151,157
QAc-G-0155,TMA,140,140,239,233,118,124,139,139,122,120,232,232,165,165,137,140,202,192,151,157
QAc-G-0158,TMA,166,166,233,227,118,118,139,139,122,128,232,232,165,165,137,137,206,202,151,157
QAc-G-0159,TMA,146,166,237,227,118,118,139,137,122,122,232,238,165,161,137,134,204,196,151,160
QAc-G-0160,TMA,148,148,239,239,118,118,139,139,122,122,232,232,165,165,137,134,212,186,151,154
QAc-G-0161,TMA,148,146,239,239,118,118,139,139,122,114,232,232,165,165,134,134,210,186,151,154
QAc-G-0162,TMA,148,154,239,235,118,118,139,139,112,114,232,232,165,167,134,134,216,194,157,154
QAc-G-0163,TMA,150,152,239,237,118,118,139,139,122,122,232,232,165,165,134,134,210,186,151,154
QAc-G-0164,TMA,146,146,225,225,118,118,139,139,122,114,232,232,165,165,137,134,210,186,145,151
QAc-G-0165,TMA,144,144,239,239,118,118,139,139,122,114,232,232,165,165,137,137,214,212,151,157
QAc-G-0166,TMA,148,148,239,239,118,118,139,139,122,114,232,232,165,165,134,134,210,208,151,154
QAc-G-0167,TMA,148,146,239,239,118,118,139,139,116,124,232,232,165,165,137,137,210,214,151,157
QAc-G-0168,TMA,148,146,239,239,118,118,139,139,122,114,232,232,165,165,134,134,210,210,151,154
QAc-G-0169,TMA,148,148,235,235,118,118,137,137,122,106,232,232,167,167,137,137,214,200,157,154
QAc-G-0170,TMA,146,144,225,235,118,118,139,139,122,122,232,232,165,167,137,137,210,210,151,157
QAc-G-0171,TMA,146,146,225,239,118,118,139,139,116,122,232,232,165,165,137,134,212,212,139,151
QAc-G-0172,TMA,166,152,227,231,118,118,139,139,118,114,232,238,165,161,137,137,214,194,151,163
QAc-G-0173,TMA,146,144,225,239,118,118,139,139,122,122,232,232,165,165,134,134,210,194,151,151
QAc-G-0174,TMA,144,144,235,233,118,118,139,139,112,122,232,232,165,167,137,134,210,194,139,151
QAc-G-0175,TMA,146,144,235,235,118,118,139,139,116,122,232,232,165,167,134,134,214,212,151,154
QAc-G-0176,TMA,148,148,225,239,118,118,139,139,122,122,232,232,165,165,137,134,212,216,151,157
QAc-G-0177,TMA,148,148,235,235,118,118,139,139,122,122,232,232,165,167,137,134,210,214,151,154
QAc-G-0178,TMA,146,146,225,225,118,118,139,137,122,114,232,232,165,165,137,134,206,210,145,151
QAc-G-0179,TMA,146,146,239,239,118,118,139,139,0,0,232,232,165,165,134,134,210,214,151,154
QAc-G-0180,TMA,148,148,239,239,118,118,139,139,122,114,232,232,165,165,137,134,214,212,151,154
QAc-G-0181,TMA,152,152,239,239,118,118,139,139,122,114,232,232,165,165,137,137,210,214,151,154
QAc-G-0182,TMA,146,146,239,233,118,118,139,139,112,122,232,232,165,165,137,134,194,186,154,154
QAc-G-0183,TMA,148,146,225,239,118,118,139,139,116,124,232,232,165,165,137,134,210,186,0,0
QAc-G-0184,TMA,144,144,239,239,118,118,139,139,122,114,232,232,165,165,137,134,210,210,151,154
QAc-G-0185,TMA,144,144,239,239,118,118,139,137,114,114,232,232,165,165,137,134,206,210,154,154
QAc-G-0186,TMA,152,152,239,239,118,118,139,139,122,114,232,232,165,165,137,134,212,186,151,154
QAc-G-0187,TMA,148,148,225,235,118,118,139,137,116,116,232,232,165,167,137,134,206,210,157,154
QAc-G-0188,TMA,144,152,239,237,118,118,137,137,116,126,232,232,165,165,134,143,202,214,157,157
QAc-G-0189,TMA,148,146,235,235,118,118,139,139,122,122,232,232,167,167,137,134,210,214,139,154
QAc-G-0190,TMA,148,148,225,235,118,118,139,139,122,122,232,232,165,167,137,134,210,212,151,157
QAc-G-0191,TMA,148,148,225,235,118,118,139,139,122,122,232,232,165,167,137,134,210,214,151,157
QAc-G-0192,TMA,148,146,225,239,118,118,139,139,122,122,232,232,165,165,137,134,212,186,139,151
QAc-G-0193,TMA,148,146,239,239,118,118,139,139,122,114,232,232,165,165,137,137,210,212,151,157
QAc-G-0194,TMA,148,146,235,235,118,118,139,139,122,114,232,232,165,167,137,137,210,210,151,157
QAc-G-0195,TMA,148,146,239,239,118,118,139,139,122,114,232,232,165,165,140,134,210,194,151,154
QAc-G-0196,TMA,148,148,239,235,118,118,139,139,116,116,232,232,165,167,137,134,210,194,139,154
QAc-G-0197,TMA,146,146,239,239,118,118,139,139,122,122,232,232,165,165,134,134,212,186,139,151
QAc-G-0198,TMA,148,148,239,239,118,118,139,139,122,114,232,232,165,165,137,134,214,214,139,157
QAc-G-0199,TMA,144,144,225,235,118,118,139,139,122,114,232,232,165,167,137,137,214,184,157,154
QAc-G-0200,TMA,144,144,239,235,118,118,139,139,116,124,232,232,165,167,137,134,210,208,151,154
QAc-G-0201,TMA,148,146,239,235,120,120,139,139,116,116,232,232,165,167,137,137,214,194,139,154
QAc-G-0202,TMA,144,144,225,235,118,118,139,139,122,122,232,232,165,167,137,134,210,194,139,151
QAc-G-0203,TMA,148,146,225,239,118,114,139,139,122,122,232,232,165,165,134,134,210,186,151,154
QAc-G-0204,TMA,146,144,225,235,118,118,139,139,116,124,232,232,165,167,134,134,210,210,151,157
QAc-G-0205,TMA,148,146,225,229,118,118,139,139,116,118,232,232,165,165,134,134,206,206,139,151
QAc-G-0206,TMA,148,146,225,235,118,118,139,137,116,112,232,232,165,161,140,134,206,202,139,157
QAc-G-0207,TMA,158,162,229,235,118,118,139,137,118,118,232,232,165,165,137,137,210,184,139,151
QAc-G-0208,TMA,148,160,225,235,118,118,139,139,116,118,232,232,165,167,137,140,206,206,151,151
QAc-G-0209,TMA,146,146,225,235,118,118,139,139,116,118,232,232,165,167,137,134,206,206,139,151
QAc-G-0210,TMA,148,146,235,241,118,112,139,137,116,116,232,232,165,165,140,140,206,200,139,151
QAc-G-0211,TMA,148,146,229,235,118,112,139,139,118,118,232,232,165,165,137,140,202,184,139,145
QAc-G-0212,TMA,148,138,229,235,118,118,139,139,116,116,232,232,165,165,134,134,206,206,139,151
QAc-G-0213,TMA,146,162,229,235,118,118,139,139,118,118,232,232,165,165,140,140,206,206,151,151
QAc-G-0214,TMA,148,146,229,229,118,118,139,139,116,112,232,232,165,165,134,134,206,210,139,151
QAc-G-0215,TMA,148,146,235,235,118,118,139,139,118,118,232,232,165,165,134,134,206,184,145,151
QAc-G-0216,TMA,146,146,235,237,118,118,139,139,118,122,232,236,165,167,137,134,210,194,151,151
QAc-G-0217,TMA,148,138,229,235,118,118,139,139,116,118,232,232,165,165,137,137,206,194,145,157
QAc-G-0218,TMA,148,138,235,235,118,114,139,139,116,116,232,232,165,165,137,140,210,210,151,157
QAc-G-0219,TMA,146,144,235,241,118,114,139,139,118,118,232,244,165,165,140,134,206,210,151,157
QAc-G-0220,TMA,138,156,229,241,118,118,139,139,118,138,232,232,165,165,137,140,206,210,151,157
QAc-G-0221,TMA,138,138,239,235,118,118,139,139,116,116,232,232,165,165,140,140,206,194,151,151
QAc-G-0222,TMA,148,146,225,229,118,118,139,139,116,118,232,232,165,165,137,140,206,206,139,151
QAc-G-0223,TMA,148,138,229,235,118,118,139,139,118,118,232,232,165,165,137,140,206,210,151,157
QAc-G-0224,TMA,148,146,235,235,118,118,139,137,118,118,232,232,165,167,137,137,210,210,145,151
QAc-G-0226,TMA,148,160,229,229,118,118,139,139,116,118,232,232,165,165,137,140,206,206,151,151
QAc-G-0227,TMA,148,144,237,233,118,124,139,139,120,130,232,232,165,161,137,134,206,192,139,157
QAc-G-0228,TMA,144,140,235,235,118,124,0,0,116,114,232,232,165,165,134,134,184,216,157,157
QAc-G-0229,TMA,144,140,235,237,118,118,139,139,112,114,232,232,165,161,137,134,210,216,139,157
QAc-G-0230,TMA,148,152,235,237,118,118,139,139,116,116,232,232,165,165,140,134,192,200,151,157
QAc-G-0231,TMA,148,148,229,235,118,118,139,139,118,118,232,232,165,165,137,134,210,202,139,151
QAc-G-0232,TMA,138,152,235,237,118,118,137,137,116,130,232,232,165,161,137,140,210,192,157,157
QAc-G-0233,TMA,148,146,235,233,118,124,139,137,116,114,232,232,165,165,137,140,190,184,145,157
QAc-G-0234,TMA,144,140,235,233,118,118,139,139,112,114,232,232,165,165,140,134,206,216,139,154
QAc-G-0235,TMA,144,152,235,227,118,114,139,137,112,114,232,238,165,165,134,134,202,194,151,163
QAc-G-0236,TMA,138,144,239,235,118,124,139,139,116,130,232,220,165,165,140,134,192,192,151,157
QAc-G-0237,TMA,148,138,239,233,118,118,139,139,114,130,232,232,165,165,137,140,206,216,151,157
QAc-G-0238,TMA,140,152,235,235,118,118,139,139,116,120,232,232,165,165,140,134,192,192,157,157
QAc-G-0239,TMA,146,152,237,243,118,118,139,137,116,116,232,232,165,161,140,134,192,184,157,157
QAc-G-0240,TMA,144,140,237,237,118,124,139,139,116,120,232,232,165,161,137,134,216,208,157,157
QAc-G-0241,TMA,150,138,239,237,118,118,139,137,116,114,232,232,165,161,137,140,210,182,151,157
QAc-G-0242,TMA,148,150,235,233,118,124,139,139,116,114,232,232,165,165,137,140,190,202,145,157
QAc-G-0243,TMA,138,152,235,233,118,114,139,139,116,114,232,232,165,165,137,137,190,192,151,157
QAc-G-0244,TMA,148,144,237,237,118,114,139,139,120,130,232,232,165,161,137,134,206,216,139,157
QAc-G-0245,TMA,144,140,235,233,118,124,139,139,116,120,232,232,165,165,137,134,192,208,151,157
QAc-G-0246,TMA,146,144,239,243,118,124,137,137,116,116,232,220,165,165,140,134,210,184,157,157
QAc-G-0247,TMA,138,144,235,237,118,124,139,137,116,116,232,220,165,161,140,134,192,184,157,157
QAc-G-0248,TMA,150,140,235,237,118,124,139,139,116,114,232,232,165,161,140,134,192,216,151,157
QAc-G-0249,TTA,148,154,225,237,118,118,139,137,116,114,232,232,165,165,137,140,212,204,151,154
QAc-G-0025,USNA,148,160,225,229,118,118,139,139,116,118,232,232,165,165,140,134,206,206,139,151
QAc-G-0028,USNA,148,140,235,233,118,118,135,139,116,114,232,232,165,165,140,134,190,182,139,145
QAc-G-0275,UWBG,146,162,229,235,118,118,139,137,118,118,232,232,165,165,134,134,210,210,139,151
QAc-G-0263,ZBGP,148,154,235,241,118,118,139,137,122,114,232,232,165,167,137,134,206,198,151,154
