"","ID","POP","d.Longitude","d.Latitude","X0C11...1","X0C11...2","X1G13...1","X1G13...2","G07...1","G07...2","X1F02...1","X1F02...2","FIR031...1","FIR031...2","GOT009...1","GOT009...2","POR016...1","POR016...2","FIR013...1","FIR013...2","FIR043...1","FIR043...2","GOTO40...1","GOTO40...2","PIE039...1","PIE039...2","FIR53...1","FIR53...2","FIR048...1","FIR048...2","PIE125...1","PIE125...2","QpZAG9...1","QpZAG9...2"
"290","QAc-W-0001","PorterMountain_W",-94.05958, 34.38629,200,208,171,187,206,208,157,161,140,166,235,237,118,118,139,139,114,116,232,232,165,165,140,140,192,206,151,151,256,258
"291","QAc-W-0002","PorterMountain_W",-94.05993, 34.38627,200,200,171,173,206,206,161,161,140,146,235,237,118,118,137,139,114,116,232,238,161,165,134,140,192,210,154,157,248,258
"292","QAc-W-0003","PorterMountain_W",-94.06084, 34.38624,200,208,171,189,206,206,161,167,146,152,233,233,118,118,139,139,114,118,232,232,165,165,140,140,194,210,151,157,256,258
"293","QAc-W-0004","PorterMountain_W",-94.06084, 34.38624,200,200,171,189,206,206,161,161,148,152,233,235,118,118,139,139,116,116,232,232,165,165,140,140,206,208,151,151,256,258
"294","QAc-W-0005","PorterMountain_W",-94.06090, 34.38625,200,200,171,189,206,208,161,163,140,152,233,237,118,118,139,139,114,116,232,232,165,165,137,140,206,210,151,151,254,254
"295","QAc-W-0006","PorterMountain_W",-94.06092, 34.38624,200,208,171,189,206,206,161,161,148,152,233,233,118,118,139,139,116,116,232,238,165,165,137,140,206,208,151,157,256,256
"296","QAc-W-0007","PorterMountain_W",-94.06087, 34.38635,200,208,189,189,  0,  0,  0,  0,144,152,233,235,118,118,139,139,114,116,232,232,165,165,137,140,206,208,151,157,256,258
"297","QAc-W-0008","PorterMountain_W",-94.06087, 34.38638,200,208,173,189,206,208,161,161,150,152,233,235,118,118,139,139,114,116,232,232,161,165,125,137,204,208,  0,  0,246,256
"298","QAc-W-0009","PorterMountain_W",-94.06168, 34.38608,208,210,173,173,206,206,161,161,138,144,239,243,118,118,137,139,114,116,232,238,165,165,134,140,202,210,157,157,246,256
"299","QAc-W-0010","PorterMountain_W",-94.06449, 34.38635,200,200,171,173,206,208,157,167,152,154,233,235,118,118,139,139,116,116,232,232,165,165,137,137,202,210,151,151,248,254
"300","QAc-W-0011","PorterMountain_W",-94.06449, 34.38635,200,212,173,189,206,206,153,161,144,152,233,237,118,118,139,139,116,122,232,232,165,165,137,140,206,210,151,157,246,252
"301","QAc-W-0012","PorterMountain_W",-94.06444, 34.38638,200,212,173,175,206,206,157,167,140,152,233,233,118,124,137,139,114,114,232,232,165,165,134,140,208,210,151,154,248,260
"302","QAc-W-0013","PorterMountain_W",-94.06444, 34.38630,200,200,171,181,206,206,161,163,144,158,229,233,118,118,137,139,116,130,232,232,165,165,134,134,192,210,151,157,246,248
"303","QAc-W-0014","PorterMountain_W",-94.06429, 34.38633,200,218,171,173,206,208,161,167,152,152,235,237,118,118,139,139,112,116,232,232,165,165,137,140,192,208,151,151,258,260
"304","QAc-W-0015","PorterMountain_W",-94.06421, 34.38637,200,224,173,181,206,206,161,163,144,144,235,237,118,118,139,139,112,118,232,232,165,165,134,140,192,210,151,151,248,248
"305","QAc-W-0016","PorterMountain_W",-94.06421, 34.38632,200,206,189,189,206,208,163,165,150,152,235,235,118,118,139,139,116,116,232,232,165,167,137,137,208,208,151,151,256,258
"306","QAc-W-0017","PorterMountain_W",-94.06410, 34.38637,200,224,171,181,206,206,161,163,140,154,237,245,118,118,139,139,118,118,232,232,161,165,137,137,194,210,157,157,242,256
"307","QAc-W-0018","PorterMountain_W",-94.06391, 34.38630,202,210,181,187,206,208,163,167,152,152,235,237,118,118,139,139,116,126,232,232,165,165,137,140,206,206,151,157,252,258
"308","QAc-W-0019","PorterMountain_W",-94.06383, 34.38634,200,210,171,189,206,206,161,163,140,152,233,237,118,118,139,139,116,116,232,232,165,165,137,140,210,210,151,157,254,260
"309","QAc-W-0020","PorterMountain_W",-94.06383, 34.38618,202,208,187,189,206,208,167,167,150,152,233,237,118,118,139,139,116,128,232,232,161,165,137,140,190,214,151,151,254,260
"310","QAc-W-0021","PorterMountain_W",-94.06369, 34.38621,200,200,171,175,206,206,157,163,148,152,225,241,118,118,139,139,114,116,232,232,165,165,137,140,200,206,151,157,252,258
"311","QAc-W-0022","PorterMountain_W",-94.06355, 34.38633,200,200,171,179,206,206,163,177,144,148,235,237,118,118,139,139,112,116,232,232,161,165,137,137,190,210,139,151,246,258
"312","QAc-W-0023","PorterMountain_W",-94.06328, 34.38659,200,216,171,171,206,206,161,163,138,160,237,245,118,118,139,139,114,114,232,232,165,165,140,140,  0,  0,151,157,246,258
"313","QAc-W-0024","PorterMountain_W",-94.06314, 34.38673,200,208,171,181,206,208,161,163,140,148,225,237,118,118,139,139,118,118,232,232,165,165,137,137,206,214,151,157,246,260
"314","QAc-W-0025","PorterMountain_W",-94.06292, 34.38665,200,212,171,187,206,208,161,161,140,148,233,233,118,118,137,139,116,116,232,232,165,165,134,137,184,216,157,157,246,260
"315","QAc-W-0026","PorterMountain_W",-94.06264, 34.38652,212,218,175,181,206,206,161,161,140,166,233,233,118,118,137,139,112,116,232,232,165,165,137,140,206,210,151,154,254,260
"316","QAc-W-0027","PorterMountain_W",-94.06235, 34.38644,200,212,187,189,206,206,161,161,144,148,235,235,118,118,139,139,114,114,232,238,165,165,137,140,192,216,157,157,256,256
"317","QAc-W-0028","PorterMountain_W",-94.06221, 34.38634,208,208,187,189,206,206,161,161,140,144,237,245,118,118,139,139,114,116,232,232,161,165,134,140,192,210,151,157,254,260
"318","QAc-W-0029","PorterMountain_W",-94.06208, 34.38635,200,200,171,175,206,206,161,163,150,158,233,237,118,118,139,139,116,116,232,232,165,165,140,140,202,216,157,157,258,260
"319","QAc-W-0030","PorterMountain_W",-94.06201, 34.38619,200,200,171,173,206,206,161,165,144,150,233,239,118,118,139,139,116,116,232,232,165,165,134,137,182,192,157,157,256,258
"320","QAc-W-0031","PorterMountain_W",-94.06220, 34.38614,200,200,171,189,206,206,161,161,148,152,229,235,118,118,139,139,114,116,232,238,165,165,140,140,192,192,139,157,256,260
"321","QAc-W-0032","PorterMountain_W",-94.06234, 34.38608,202,218,171,173,206,208,161,167,140,152,233,235,118,124,139,139,114,116,232,232,165,165,140,140,190,208,151,157,246,258
"322","QAc-W-0033","PorterMountain_W",-94.06251, 34.38610,202,224,173,175,206,208,161,167,150,152,235,245,118,118,137,139,114,116,232,232,165,165,137,140,190,202,139,145,256,258
"323","QAc-W-0034","PorterMountain_W",-94.06267, 34.38610,200,212,171,173,206,206,161,161,140,152,233,233,118,118,137,139,114,114,232,232,165,165,137,140,192,200,139,157,248,260
"324","QAc-W-0035","PorterMountain_W",-94.06277, 34.38609,212,218,173,187,206,206,161,167,144,152,235,239,118,118,139,139,116,116,232,232,165,167,137,140,206,216,151,157,246,248
"325","QAc-W-0036","PorterMountain_W",-94.06290, 34.38594,200,202,171,189,206,206,161,167,140,144,233,233,118,118,139,139,114,114,232,232,165,165,137,137,192,204,139,157,248,256
"326","QAc-W-0037","PorterMountain_W",-94.06290, 34.38586,212,212,173,175,206,206,161,167,144,148,233,237,118,118,139,139,114,120,232,232,165,165,137,140,192,210,151,157,248,256
"327","QAc-W-0038","PorterMountain_W",-94.06301, 34.38596,208,224,171,171,206,206,163,167,140,146,235,237,118,118,139,139,114,116,232,232,165,165,137,137,192,214,157,157,246,254
"328","QAc-W-0039","PorterMountain_W",-94.06332, 34.38602,218,224,173,181,206,206,161,161,140,166,233,233,118,118,139,139,116,116,232,232,165,165,137,140,210,210,139,151,248,260
"329","QAc-W-0040","PorterMountain_W",-94.06296, 34.38633,216,222,171,173,206,208,157,161,138,148,233,235,118,118,139,139,114,114,232,232,165,165,137,140,206,214,151,157,256,260
"330","QAc-W-0041","PorterMountain_W",-94.06128, 34.38610,200,212,171,181,206,206,161,161,144,150,233,235,118,118,137,139,116,118,232,238,165,165,137,140,210,210,139,151,252,258
"331","QAc-W-0042","MagazineMountain_W",-93.65256, 35.17119,200,214,181,181,206,206,161,167,158,166,227,237,118,118,137,139,122,130,232,232,165,165,137,137,202,202,139,151,256,258
"332","QAc-W-0043","MagazineMountain_W",-93.65267, 35.17121,200,210,181,181,206,206,161,161,144,158,237,245,118,118,139,139,122,130,232,238,161,165,137,137,194,202,139,151,248,256
"333","QAc-W-0044","MagazineMountain_W",-93.65271, 35.17114,200,200,171,179,206,206,161,161,144,158,235,245,118,118,139,139,122,122,232,232,165,165,137,137,192,202,139,151,248,258
"334","QAc-W-0045","MagazineMountain_W",-93.65266, 35.17113,214,232,173,181,206,206,161,161,146,166,227,237,118,118,137,139,126,126,238,238,161,165,134,137,202,206,151,157,256,258
"335","QAc-W-0046","MagazineMountain_W",-93.65270, 35.17132,200,232,181,181,206,206,161,161,158,158,227,245,118,118,139,139,122,130,232,238,165,165,134,134,202,206,151,157,248,248
"336","QAc-W-0047","MagazineMountain_W",-93.65280, 35.17118,200,232,171,173,206,206,161,161,144,144,227,245,118,118,139,139,112,122,232,238,165,165,134,137,192,194,151,151,258,258
"337","QAc-W-0048","MagazineMountain_W",-93.65284, 35.17115,210,232,171,173,206,208,161,167,160,166,227,241,118,118,139,139,114,130,232,238,165,165,134,137,200,202,139,151,246,248
"338","QAc-W-0049","MagazineMountain_W",-93.65284, 35.17115,210,232,171,173,206,206,161,167,160,166,227,241,118,118,139,139,114,128,232,238,165,165,134,137,200,202,139,151,246,248
"339","QAc-W-0050","MagazineMountain_W",-93.65369, 35.17165,214,214,173,175,206,206,161,163,142,144,227,231,116,116,139,139,116,124,232,232,161,165,137,137,200,202,154,157,248,262
"340","QAc-W-0051","MagazineMountain_W",-93.65555, 35.17115,214,214,173,175,206,206,161,165,150,150,233,235,118,118,137,139,122,126,232,232,165,167,137,137,194,202,157,163,256,258
"341","QAc-W-0052","MagazineMountain_W",-93.65560, 35.17113,200,202,173,179,206,206,167,167,166,166,227,233,118,124,139,139,120,122,232,232,165,165,137,137,202,206,151,157,254,258
"342","QAc-W-0053","MagazineMountain_W",-93.65569, 35.17118,210,214,171,173,206,206,163,169,144,144,227,233,118,118,137,139,116,122,232,238,165,165,137,137,200,202,151,160,248,258
"343","QAc-W-0054","MagazineMountain_W",-93.65596, 35.17134,212,214,173,187,206,206,161,167,154,154,239,241,118,118,139,139,116,126,232,232,165,167,134,137,202,202,151,151,250,258
"344","QAc-W-0055","MagazineMountain_W",-93.65595, 35.17141,200,214,173,185,206,206,161,161,146,146,235,239,118,118,139,139,124,126,232,232,167,167,137,137,202,206,151,151,246,250
"345","QAc-W-0056","MagazineMountain_W",-93.65604, 35.17152,200,212,171,187,206,208,161,167,138,150,235,235,118,118,139,139,124,126,232,232,165,167,137,140,192,194,142,154,258,262
"346","QAc-W-0057","MagazineMountain_W",-93.65595, 35.17157,210,214,171,177,206,206,163,167,150,150,235,237,118,118,139,139,122,124,232,232,165,167,134,137,194,206,139,157,246,262
"347","QAc-W-0058","MagazineMountain_W",-93.65576, 35.17162,210,214,171,171,206,206,161,165,146,146,227,239,118,118,139,139,124,126,232,232,165,167,137,140,198,202,142,151,246,262
"348","QAc-W-0059","MagazineMountain_W",-93.65296, 35.17108,200,210,171,171,206,206,161,163,144,166,227,227,118,118,139,139,114,122,232,238,165,165,134,137,194,200,151,160,246,248
"349","QAc-W-0060","MagazineMountain_W",-93.66679, 35.16700,224,224,177,177,206,206,161,165,138,144,239,239,118,118,139,139,120,122,232,232,165,165,134,137,194,214,151,157,248,256
"350","QAc-W-0061","MagazineMountain_W",-93.66654, 35.16710,210,224,175,177,206,206,161,161,144,154,235,237,118,118,139,139,114,114,232,232,165,165,134,134,194,214,151,154,254,256
"351","QAc-W-0062","MagazineMountain_W",-93.66637, 35.16716,224,226,179,179,206,206,161,165,138,138,235,237,118,118,139,139,112,122,232,232,165,165,134,137,194,194,139,151,254,256
"352","QAc-W-0063","MagazineMountain_W",-93.66626, 35.16701,214,216,173,179,204,206,161,165,138,148,233,237,118,118,139,139,116,116,232,232,165,165,134,137,194,214,151,151,254,254
"353","QAc-W-0064","MagazineMountain_W",-93.66646, 35.16679,226,228,173,179,206,208,161,165,138,146,235,235,118,118,139,139,112,116,232,232,165,167,134,134,194,214,151,157,242,248
"354","QAc-W-0065","MagazineMountain_W",-93.66616, 35.16697,224,228,179,187,206,206,161,165,144,146,235,237,118,118,139,139,112,124,232,232,165,167,137,137,194,206,151,157,242,248
"355","QAc-W-0066","MagazineMountain_W",-93.66610, 35.16719,200,212,181,181,206,206,161,161,146,146,225,239,118,118,139,139,116,122,232,232,165,165,134,137,210,214,139,151,250,250
"356","QAc-W-0067","MagazineMountain_W",-93.66578, 35.16718,212,226,173,181,206,206,161,161,146,146,225,239,118,118,139,139,122,122,232,232,165,165,134,137,210,212,151,151,250,256
"357","QAc-W-0068","MagazineMountain_W",-93.66578, 35.16723,200,224,173,181,206,206,161,161,148,148,239,239,118,118,139,139,116,122,232,232,165,165,134,137,186,214,139,154,250,250
"358","QAc-W-0069","MagazineMountain_W",-93.66572, 35.16727,212,224,173,173,206,206,161,161,148,148,239,239,118,118,139,139,116,122,232,232,165,165,134,137,210,214,139,151,250,250
"359","QAc-W-0070","MagazineMountain_W",-93.66552, 35.16721,212,228,173,177,206,206,161,161,146,146,239,239,118,118,139,139,112,122,232,232,165,165,134,137,194,210,151,154,250,250
"360","QAc-W-0071","MagazineMountain_W",-93.66562, 35.16777,200,224,177,181,206,206,  0,  0,144,154,225,225,118,118,139,139,112,122,232,232,165,165,134,134,194,194,151,157,242,256
"361","QAc-W-0072","MagazineMountain_W",-93.66546, 35.16784,214,218,179,185,206,208,161,161,154,154,235,237,118,118,139,139,112,116,232,232,165,167,134,137,194,194,139,157,254,256
"362","QAc-W-0073","MagazineMountain_W",-93.66601, 35.16790,214,224,171,179,206,206,163,165,144,144,235,239,118,118,139,139,112,122,232,232,165,165,134,137,194,204,151,151,252,254
"363","QAc-W-0074","MagazineMountain_W",-93.66608, 35.16773,224,228,179,179,206,206,161,161,148,154,235,237,118,118,139,139,112,122,232,232,165,167,137,140,194,194,151,151,242,254
"364","QAc-W-0075","MagazineMountain_W",-93.66616, 35.16768,224,224,177,179,206,206,163,165,146,148,235,239,118,118,139,139,116,122,232,232,165,167,134,137,194,194,139,151,250,254
"365","QAc-W-0076","MagazineMountain_W",-93.66624, 35.16762,224,224,177,185,206,206,161,163,144,144,235,239,118,118,139,139,112,116,232,232,165,167,137,137,194,194,151,151,242,242
"366","QAc-W-0077","MagazineMountain_W",-93.66637, 35.16750,200,214,179,181,206,206,161,161,144,146,233,239,118,118,139,139,112,124,232,232,165,165,134,137,194,214,151,154,248,254
"367","QAc-W-0078","PryorMountain_W",-93.87135, 34.36119,202,218,175,181,204,206,161,161,146,148,225,229,118,118,139,139,116,116,232,232,165,165,137,140,192,210,145,157,244,246
"368","QAc-W-0079","PryorMountain_W",-93.87156, 34.36112,210,212,175,185,206,206,161,165,148,148,225,229,118,118,139,139,116,116,232,232,165,165,134,140,200,206,  0,  0,262,262
"369","QAc-W-0080","PryorMountain_W",-93.87156, 34.36112,210,212,175,185,  0,  0,  0,  0,148,148,225,229,118,118,139,139,116,116,232,232,165,165,134,140,200,206,139,151,260,262
"370","QAc-W-0081","PryorMountain_W",-93.87178, 34.36116,202,216,175,181,206,206,165,165,138,158,233,235,118,118,137,139,116,118,232,232,165,165,134,134,206,210,151,151,252,256
"371","QAc-W-0082","PryorMountain_W",-93.87179, 34.36117,212,218,171,181,206,206,173,173,150,162,235,235,116,116,137,137,116,126,232,232,165,167,134,137,194,206,139,157,242,246
"372","QAc-W-0083","PryorMountain_W",-93.87183, 34.36109,202,218,181,181,206,206,161,165,138,138,229,235,118,118,139,139,116,118,232,232,165,165,137,140,194,210,151,157,242,262
"373","QAc-W-0084","PryorMountain_W",-93.87189, 34.36108,202,226,181,181,206,206,173,173,138,148,233,235,118,118,137,139,116,118,232,232,165,165,134,140,206,210,151,151,256,262
"374","QAc-W-0085","PryorMountain_W",-93.87193, 34.36111,216,226,175,181,206,206,173,173,146,158,235,235,118,118,139,139,118,118,232,232,165,165,134,137,184,210,145,151,252,256
"375","QAc-W-0086","PryorMountain_W",-93.87200, 34.36111,200,218,173,181,206,206,173,173,162,162,229,229,118,118,137,139,118,118,232,232,165,165,137,137,206,210,139,151,242,256
"376","QAc-W-0087","PryorMountain_W",-93.87206, 34.36109,212,216,181,181,206,206,165,173,148,148,229,235,118,118,137,139,114,118,232,232,165,165,137,137,200,210,145,151,246,262
"377","QAc-W-0088","PryorMountain_W",-93.87216, 34.36113,212,212,181,183,206,206,165,169,138,146,229,235,118,118,139,139,118,118,232,232,165,167,140,140,206,206,151,157,246,256
"378","QAc-W-0089","PryorMountain_W",-93.87217, 34.36112,200,212,173,181,206,206,165,165,146,148,235,235,118,118,139,139,118,118,232,232,165,167,140,140,202,206,151,151,246,262
"379","QAc-W-0090","PryorMountain_W",-93.87233, 34.36118,200,212,173,181,206,206,165,173,148,148,229,235,118,118,137,139,118,118,232,232,165,167,140,140,202,210,151,151,246,262
"380","QAc-W-0091","PryorMountain_W",-93.87281, 34.36126,210,212,171,185,204,206,165,165,148,148,233,241,118,118,137,139,118,118,232,232,165,165,137,137,210,210,145,151,256,262
"381","QAc-W-0092","PryorMountain_W",-93.87315, 34.36115,212,216,181,181,206,206,161,165,140,166,235,241,118,118,139,139,116,118,232,232,165,165,137,140,192,210,139,151,246,252
"382","QAc-W-0093","PryorMountain_W",-93.87357, 34.36118,208,210,171,185,206,206,165,167,138,162,235,237,118,118,137,139,116,116,232,232,165,165,134,140,206,210,157,163,242,262
"383","QAc-W-0094","PryorMountain_W",-93.87256, 34.36118,208,226,191,191,206,206,165,167,138,148,233,233,118,118,139,139,116,118,232,232,165,165,137,137,194,206,151,157,242,258
"384","QAc-W-0095","PryorMountain_W",-93.87256, 34.36118,202,226,171,191,206,206,165,165,138,148,229,233,118,118,139,139,116,116,232,232,165,165,137,140,194,210,151,151,258,262
"385","QAc-W-0096","PryorMountain_W",-93.87257, 34.36130,208,212,181,191,206,206,165,165,138,148,229,235,118,118,139,139,116,118,232,232,165,165,137,137,194,202,151,157,254,258
"386","QAc-W-0097","PryorMountain_W",-93.87250, 34.36119,200,212,171,171,206,206,165,173,144,156,233,235,118,118,139,139,114,118,232,232,165,165,134,137,206,210,151,163,246,262
"387","QAc-W-0098","PryorMountain_W",-93.87215, 34.36121,210,212,171,181,206,206,165,165,146,148,235,241,118,118,139,139,116,116,232,244,165,165,137,140,206,206,151,157,262,262
"388","QAc-W-0099","PryorMountain_W",-93.87205, 34.36117,212,216,175,181,206,206,173,177,148,158,235,241,118,118,139,139,116,116,232,232,165,165,137,137,184,202,145,157,248,252
"389","QAc-W-0100","PryorMountain_W",-93.87207, 34.36115,212,212,181,183,206,206,165,177,138,146,229,235,118,118,139,139,118,118,232,232,165,167,140,140,206,206,151,157,246,256
"390","QAc-W-0101","PryorMountain_W",-93.87196, 34.36122,218,226,181,181,206,206,165,165,148,148,235,235,118,118,139,139,114,118,232,232,165,167,137,137,210,210,139,151,242,256
"393","QAc-W-0104","PryorMountain_W",-93.87194, 34.36120,210,210,173,181,206,206,163,165,148,162,229,229,118,118,139,139,118,118,232,232,165,165,137,140,202,206,139,145,242,262
"394","QAc-W-0105","PryorMountain_W",-93.87177, 34.36126,212,226,181,181,206,206,165,165,146,148,235,241,118,118,139,139,116,118,232,232,165,165,137,137,192,206,139,151,252,252
"395","QAc-W-0106","PryorMountain_W",-93.87177, 34.36126,212,226,181,181,206,206,167,177,146,148,235,241,118,118,139,139,116,118,232,232,165,165,137,137,192,206,139,151,252,252
"396","QAc-W-0107","PryorMountain_W",-93.87157, 34.36113,200,202,171,175,206,206,165,165,146,160,229,235,118,118,139,139,112,118,232,232,165,167,134,137,206,210,151,151,242,242
"397","QAc-W-0108","PryorMountain_W",-93.87147, 34.36122,200,210,175,185,206,206,165,165,148,160,225,235,118,118,139,139,112,116,232,232,165,167,134,140,200,210,139,151,242,262
"398","QAc-W-0109","PryorMountain_W",-93.87198, 34.36109,200,216,181,181,206,206,165,165,148,148,229,239,118,118,139,139,114,118,232,232,165,165,134,140,200,202,151,151,246,262
"399","QAc-W-0110","PryorMountain_W",-93.87184, 34.36133,200,218,181,189,  0,  0,  0,  0,148,152,233,235,118,118,137,139,118,118,232,232,165,165,137,137,204,210,139,139,256,260
"400","QAc-W-0111","PryorMountain_W",-93.87182, 34.36134,210,212,181,185,206,206,  0,  0,148,148,225,241,118,118,139,139,116,116,232,232,165,165,134,134,192,200,139,151,252,262
"401","QAc-W-0112","PryorMountain_W",-93.16533, 35.23249,210,212,171,183,  0,  0,  0,  0,138,146,235,235,118,118,139,139,118,118,232,232,165,167,140,140,206,206,157,157,256,262
"402","QAc-W-0113","Sugar_Loaf_Mountains_W",-94.37327, 35.07304,200,218,179,185,  0,  0,  0,  0,138,144,237,237,118,118,139,143,116,124,232,238,165,165,137,140,184,206,145,151,256,258
"403","QAc-W-0114","Sugar_Loaf_Mountains_W",-94.37317, 35.07299,218,222,171,179,  0,  0,  0,  0,138,140,225,237,118,118,139,139,118,118,232,238,165,165,137,137,190,200,151,151,248,258
"404","QAc-W-0115","Sugar_Loaf_Mountains_W",-94.37308, 35.07282,212,222,173,179,206,206,161,163,138,138,235,235,118,118,139,141,114,114,232,232,165,165,137,140,206,212,145,157,242,254
"405","QAc-W-0116","Sugar_Loaf_Mountains_W",-94.37310, 35.07274,200,222,171,185,206,206,163,167,138,154,235,237,118,118,137,143,112,118,232,232,165,165,137,137,192,200,151,157,248,258
"406","QAc-W-0117","Sugar_Loaf_Mountains_W",-94.37277, 35.07240,218,222,173,183,206,206,163,163,140,140,235,237,118,118,137,139,114,114,232,238,165,165,134,137,190,212,154,157,242,258
"407","QAc-W-0118","Sugar_Loaf_Mountains_W",-94.37279, 35.07264,200,218,179,185,206,206,161,163,148,154,235,243,118,118,139,139,118,124,232,232,165,165,134,137,206,212,145,151,242,254
"408","QAc-W-0119","Sugar_Loaf_Mountains_W",-94.37245, 35.07273,210,218,173,185,206,206,163,167,138,154,225,237,118,118,137,139,114,124,232,232,165,165,137,137,192,212,151,154,244,258
"409","QAc-W-0120","Sugar_Loaf_Mountains_W",-94.37218, 35.07310,218,222,173,177,206,206,163,167,138,140,237,245,118,118,139,139,116,116,232,238,165,165,137,140,184,200,145,154,250,252
"410","QAc-W-0121","Sugar_Loaf_Mountains_W",-94.37193, 35.07319,200,200,173,185,206,206,161,163,140,142,245,245,118,118,137,137,112,116,232,232,165,165,134,137,190,212,151,151,248,250
"411","QAc-W-0122","Sugar_Loaf_Mountains_W",-94.37231, 35.07223,200,210,179,185,206,206,161,163,152,152,235,245,118,118,139,139,112,114,232,232,165,165,137,137,192,200,142,145,242,242
"412","QAc-W-0123","Sugar_Loaf_Mountains_W",-94.37220, 35.07236,210,216,185,185,206,206,163,163,144,146,235,235,118,118,139,139,114,120,232,232,165,165,137,137,196,212,145,157,  0,  0
"413","QAc-W-0124","Sugar_Loaf_Mountains_W",-94.37206, 35.07257,212,212,177,179,206,206,161,161,138,140,233,235,118,118,139,139,112,112,232,232,165,165,137,137,184,210,145,151,242,252
"414","QAc-W-0125","Sugar_Loaf_Mountains_W",-94.37181, 35.07284,210,216,171,185,206,206,161,167,148,154,231,235,118,118,139,139,114,118,232,232,165,165,137,137,212,212,151,154,242,256
"415","QAc-W-0126","Sugar_Loaf_Mountains_W",-94.37163, 35.07318,210,222,173,173,  0,  0,  0,  0,140,148,235,237,118,118,137,139,112,118,232,232,165,165,137,137,196,202,151,151,242,256
"416","QAc-W-0127","Sugar_Loaf_Mountains_W",-94.37175, 35.07341,200,222,173,179,206,206,  0,  0,140,152,241,241,118,118,139,139,112,116,232,238,165,167,137,137,190,208,145,151,248,248
"417","QAc-W-0128","Sugar_Loaf_Mountains_W",-94.37158, 35.07370,200,222,179,185,  0,  0,  0,  0,138,148,231,235,118,118,137,139,114,118,232,238,165,165,137,140,200,210,151,154,248,256
"418","QAc-W-0129","Sugar_Loaf_Mountains_W",-94.37162, 35.07395,210,218,179,185,  0,  0,  0,  0,140,144,239,243,118,118,137,139,112,116,232,238,165,165,137,140,204,206,145,154,248,260
"419","QAc-W-0130","Sugar_Loaf_Mountains_W",-94.37159, 35.07436,200,210,179,183,  0,  0,  0,  0,152,152,235,237,118,118,137,139,116,116,232,238,165,165,137,137,184,210,145,151,248,258
"420","QAc-W-0131","Sugar_Loaf_Mountains_W",-94.37170, 35.07459,200,200,179,183,206,206,163,167,140,164,231,241,118,118,139,139,116,116,232,232,167,167,137,137,190,206,145,151,242,258
"421","QAc-W-0132","Sugar_Loaf_Mountains_W",-94.37187, 35.07431,200,218,173,179,206,206,161,161,140,154,235,239,118,118,139,139,116,118,232,232,165,165,134,137,206,206,145,157,  0,  0
"422","QAc-W-0133","Sugar_Loaf_Mountains_W",-94.37213, 35.07404,200,226,173,181,206,206,159,163,152,154,241,241,118,118,139,143,116,116,232,238,167,167,134,137,206,206,151,154,  0,  0
"423","QAc-W-0134","Sugar_Loaf_Mountains_W",-94.37250, 35.07397,210,216,183,185,206,206,161,167,138,144,235,245,118,118,139,139,112,116,232,232,165,165,137,137,206,212,151,154,248,248
"424","QAc-W-0135","Sugar_Loaf_Mountains_W",-94.37309, 35.07435,212,222,179,189,206,206,161,161,144,152,237,237,118,118,139,139,116,116,232,232,165,165,134,137,184,212,151,151,242,248
"425","QAc-W-0136","Sugar_Loaf_Mountains_W",-94.37292, 35.07397,216,216,173,179,206,206,159,161,138,140,231,235,118,118,137,139,112,118,232,232,165,165,137,137,208,212,157,157,248,248
"426","QAc-W-0137","Sugar_Loaf_Mountains_W",-94.37282, 35.07389,216,222,173,179,206,206,161,167,138,154,235,245,118,118,137,139,112,116,232,232,165,165,137,137,190,212,154,157,248,248
"427","QAc-W-0138","Sugar_Loaf_Mountains_W",-94.37282, 35.07389,216,222,173,179,206,206,163,163,140,154,231,235,118,118,139,139,116,116,232,232,165,165,137,137,208,212,154,157,248,258
"428","QAc-W-0139","Sugar_Loaf_Mountains_W",-94.37287, 35.07385,200,218,179,179,206,206,163,165,144,148,233,235,118,118,139,139,116,116,232,232,165,167,137,137,204,206,151,154,244,258
"429","QAc-W-0140","Sugar_Loaf_Mountains_W",-94.37293, 35.07385,200,222,173,183,206,206,161,161,138,144,235,245,118,118,137,139,112,114,232,238,165,165,137,137,190,212,151,157,246,246
"430","QAc-W-0141","Sugar_Loaf_Mountains_W",-94.37301, 35.07390,200,210,173,183,206,206,161,161,144,148,235,237,118,118,139,139,116,116,232,232,165,165,137,137,190,198,157,157,  0,  0
"431","QAc-W-0142","Sugar_Loaf_Mountains_W",-94.37309, 35.07398,210,222,173,179,206,206,161,163,144,154,243,245,118,118,137,139,116,116,232,232,165,167,137,137,212,212,151,151,242,256
"432","QAc-W-0143","Sugar_Loaf_Mountains_W",-94.37328, 35.07383,206,218,177,185,206,206,161,167,154,158,235,235,118,118,137,137,116,116,232,232,165,165,137,137,184,206,151,151,248,256
"433","QAc-W-0144","Sugar_Loaf_Mountains_W",-94.37336, 35.07382,214,218,171,185,206,206,161,163,138,138,237,237,118,118,137,139,114,118,238,238,165,165,134,137,202,208,145,151,242,258
"434","QAc-W-0145","Sugar_Loaf_Mountains_W",-94.37345, 35.07382,210,222,179,185,206,206,161,163,140,144,235,237,118,118,139,139,114,118,232,232,163,163,137,137,184,212,142,145,248,254
"435","QAc-W-0146","Sugar_Loaf_Mountains_W",-94.37363, 35.07376,212,222,185,185,206,206,161,167,144,144,235,235,118,118,137,139,116,116,232,232,165,165,125,137,184,206,151,157,258,258
"436","QAc-W-0147","Sugar_Loaf_Mountains_W",-94.37400, 35.07384,200,222,177,185,206,206,161,163,152,154,235,235,118,118,137,143,112,118,232,232,165,165,137,137,184,206,151,157,242,248
"437","QAc-W-0148","Sugar_Loaf_Mountains_W",-94.37370, 35.07333,210,222,177,179,206,206,161,161,140,154,235,237,118,118,139,139,114,116,232,232,165,165,137,137,206,212,157,157,248,258
"438","QAc-W-0149","Sugar_Loaf_Mountains_W",-94.37362, 35.07336,200,210,179,183,206,206,161,163,152,158,235,235,118,118,139,139,112,118,232,232,165,165,137,137,202,204,145,151,258,258
"439","QAc-W-0150","Sugar_Loaf_Mountains_W",-94.37337, 35.07332,210,212,171,185,206,206,167,167,152,154,235,237,118,118,139,139,112,116,232,232,165,165,137,137,184,210,151,151,258,258
"440","QAc-W-0151","Sugar_Loaf_Mountains_W",-94.37338, 35.07333,212,212,171,179,206,206,159,161,140,154,235,237,118,118,137,139,112,114,232,232,165,165,125,137,206,212,151,157,242,258
"441","QAc-W-0152","Sugar_Loaf_Mountains_W",-94.37320, 35.07323,200,214,179,179,206,206,161,161,138,144,235,235,118,118,139,139,114,118,232,232,165,165,125,137,184,212,145,151,248,248
"442","QAc-W-0153","Sugar_Loaf_Mountains_W",-94.37278, 35.07318,210,212,173,183,212,212,165,165,140,144,235,239,118,118,139,139,112,114,232,232,165,165,134,146,190,192,151,157,242,246
"443","QAc-W-0154","Sugar_Loaf_Mountains_W",-94.37256, 35.07320,206,222,187,189,206,206,159,161,138,140,235,235,118,118,135,139,114,116,232,232,165,165,137,137,190,212,151,151,244,252
"444","QAc-W-0155","Sugar_Loaf_Mountains_W",-94.37238, 35.07330,214,218,185,185,206,206,161,163,138,138,237,237,118,118,139,139,116,116,232,232,165,165,137,137,190,208,151,154,248,258
"445","QAc-W-0156","Sugar_Loaf_Mountains_W",-94.37223, 35.07344,200,210,175,185,206,206,161,163,138,140,235,235,118,118,139,143,114,118,232,232,165,165,140,140,206,206,151,157,258,258
"446","QAc-W-0157","Sugar_Loaf_Mountains_W",-94.37213, 35.07348,216,220,173,179,206,206,167,167,144,144,235,235,118,118,137,143,116,120,232,238,165,165,134,137,212,212,151,154,254,256
"447","QAc-W-0158","Sugar_Loaf_Mountains_W",-94.37199, 35.07359,200,218,173,179,206,206,161,163,138,148,235,235,118,118,139,139,116,118,232,232,165,165,137,140,210,212,151,157,248,258
"448","QAc-W-0159","Sugar_Loaf_Mountains_W",-94.37198, 35.07372,200,222,175,183,206,206,161,167,140,154,243,245,118,118,137,139,114,114,232,232,165,165,137,137,190,212,145,151,248,256
"449","QAc-W-0160","Sugar_Loaf_Mountains_W",-94.37209, 35.07381,210,216,177,185,206,206,161,161,140,144,235,245,118,118,135,141,114,116,232,232,165,165,137,140,206,208,151,157,244,256
"450","QAc-W-0161","Sugar_Loaf_Mountains_W",-94.37235, 35.07370,202,222,173,173,206,206,161,161,140,152,235,241,118,118,139,139,116,120,238,238,165,165,137,137,190,212,157,157,248,258
"451","QAc-W-0162","Sugar_Loaf_Mountains_W",-94.37256, 35.07373,218,222,177,185,206,206,161,163,138,138,235,241,118,118,137,139,112,122,232,232,165,165,137,137,190,194,157,157,242,258
"452","QAc-W-0163","Sugar_Loaf_Mountains_W",-94.37277, 35.07358,210,214,171,173,206,206,161,161,138,142,237,243,118,118,139,143,118,124,232,232,165,165,137,137,190,212,151,151,248,258
"453","QAc-W-0164","Sugar_Loaf_Mountains_W",-94.37299, 35.07363,200,218,179,179,206,206,161,161,138,154,235,241,118,118,139,139,112,116,232,238,165,167,137,137,196,206,151,157,248,256
"454","QAc-W-0165","Sugar_Loaf_Mountains_W",-94.37316, 35.07353,210,222,169,183,206,206,163,167,138,138,237,239,118,118,137,137,116,116,232,232,165,165,137,137,190,212,157,157,250,254
"455","QAc-W-0166","Sugar_Loaf_Mountains_W",-94.37327, 35.07354,212,214,179,189,206,206,161,163,138,138,235,237,118,118,139,139,114,114,232,232,165,165,137,137,206,212,151,157,256,258
"456","QAc-W-0167","Kessler_Mountain_W",-94.21743, 36.03143,200,208,179,187,206,206,163,167,146,162,235,235,114,118,139,139,118,124,232,232,161,165,134,146,198,200,151,157,242,246
"457","QAc-W-0168","Kessler_Mountain_W",-94.21755, 36.03140,200,210,175,185,206,206,161,163,140,154,239,245,118,118,139,139,116,128,232,232,165,165,134,134,200,210,154,157,248,254
"458","QAc-W-0169","Kessler_Mountain_W",-94.21755, 36.03144,214,220,187,189,206,206,161,161,134,150,237,239,118,122,137,139,116,116,232,232,161,165,134,134,192,196,151,154,252,258
"459","QAc-W-0170","Kessler_Mountain_W",-94.21756, 36.03147,200,220,171,175,206,206,161,163,154,156,235,235,118,118,139,139,114,114,232,244,161,165,134,140,192,198,142,151,246,248
"460","QAc-W-0171","Kessler_Mountain_W",-94.21740, 36.03141,200,208,179,187,206,206,167,167,146,162,235,237,114,118,139,139,118,124,232,232,161,165,134,146,198,200,151,157,242,246
"461","QAc-W-0172","Kessler_Mountain_W",-94.21758, 36.03136,202,210,167,171,206,206,159,163,152,164,231,235,118,118,135,139,114,118,232,232,161,171,134,140,190,192,163,163,246,258
"462","QAc-W-0173","Kessler_Mountain_W",-94.21767, 36.03110,200,208,179,187,206,206,163,165,140,144,235,237,118,118,139,139,116,128,232,232,161,165,137,137,196,198,157,157,242,246
"463","QAc-W-0174","Kessler_Mountain_W",-94.21762, 36.03093,200,214,181,187,206,206,163,163,138,146,231,237,118,118,139,139,114,114,232,232,165,165,134,146,192,196,154,157,242,264
