"","Ind","Pop","X0C11...1","X0C11...2","X1G13...1","X1G13...2","G07...1","G07...2","X1F02...1","X1F02...2","FIR031...1","FIR031...2","GOT009...1","GOT009...2","POR016...1","POR016...2","FIR013...1","FIR013...2","FIR043...1","FIR043...2","GOTO40...1","GOTO40...2","PIE039...1","PIE039...2","FIR53...1","FIR53...2","FIR048...1","FIR048...2","PIE125...1","PIE125...2","QpZAG9...1","QpZAG9...2"
"1","QAc-G-0029","AP",210,212,171,175,206,206,165,165,148,148,225,239,118,118,135,139,116,116,232,232,165,165,137,140,206,210,139,145,256,262
"2","QAc-G-0030","AP",210,202,175,185,206,206,165,165,148,160,225,229,118,118,139,139,116,112,232,232,165,165,134,134,206,206,151,151,262,246
"5","QAc-G-0062","Arnold",226,216,175,179,206,206,163,167,154,154,239,235,118,118,139,139,122,122,232,232,165,167,137,134,190,202,139,157,258,254
"6","QAc-G-0063","Arnold",200,200,181,179,206,206,161,161,148,150,239,237,118,118,135,139,122,114,232,232,165,165,137,134,206,214,139,154,254,250
"7","QAc-G-0064","Arnold",202,216,179,179,206,206,161,161,138,138,239,233,124,124,139,139,120,130,232,232,165,165,137,134,202,202,151,157,256,258
"8","QAc-G-0065","Arnold",202,226,171,175,206,206,167,167,160,166,233,227,118,118,139,139,120,130,232,232,165,165,137,137,202,202,151,157,258,258
"9","QAc-G-0066","Arnold",226,200,181,181,206,206,161,161,148,146,225,235,118,118,139,139,116,122,232,232,165,167,134,134,210,212,151,157,250,250
"10","QAc-G-0067","Arnold",202,226,171,175,206,206,161,161,166,164,227,227,118,124,139,139,118,118,232,232,165,165,137,137,206,192,151,157,258,254
"11","QAc-G-0068","Arnold",226,200,175,181,206,206,161,161,142,142,225,235,116,116,137,137,122,122,232,232,165,167,137,137,210,212,151,157,256,254
"12","QAc-G-0070","Arnold",226,200,175,179,206,206,161,161,144,144,239,235,118,118,139,139,116,116,232,232,165,167,137,137,212,204,145,157,254,250
"13","QAc-G-0071","Arnold",212,226,173,173,0,0,0,0,144,144,225,235,118,118,139,139,122,122,232,232,165,167,134,134,210,210,139,151,250,242
"14","QAc-G-0072","Arnold",212,200,181,173,206,206,161,161,148,146,225,239,118,118,139,139,116,124,232,232,165,165,137,137,210,212,151,157,250,250
"15","QAc-G-0073","Arnold",212,200,171,173,206,206,167,161,144,144,235,235,118,118,135,135,116,114,232,232,165,165,140,140,192,184,139,157,258,252
"16","QAc-G-0074","Arnold",200,200,181,173,206,206,161,161,148,140,235,237,118,118,139,139,112,114,232,232,165,161,137,134,214,204,139,154,258,258
"17","QAc-G-0075","Arnold",212,202,171,175,206,206,163,161,144,140,235,237,118,118,139,139,116,114,232,232,165,161,140,134,214,216,151,157,246,248
"18","QAc-G-0076","Arnold",200,200,175,173,206,206,161,153,138,158,239,245,118,118,135,139,116,130,232,232,165,161,140,140,210,208,151,151,258,258
"22","QAc-G-0080","Arnold",226,224,171,181,206,206,173,167,146,162,235,241,118,118,139,139,118,118,232,232,165,161,137,134,192,184,145,163,256,242
"23","QAc-G-0081","Arnold",200,218,185,177,206,206,163,171,148,152,237,231,118,118,135,135,116,114,232,232,165,165,137,134,202,198,151,157,254,242
"24","QAc-G-0082","Arnold",200,222,171,183,206,208,163,167,146,162,237,237,118,118,135,135,116,110,232,232,165,161,137,134,190,194,157,142,252,252
"25","QAc-G-0083","Arnold",216,200,179,173,206,206,161,161,146,146,239,233,118,118,139,139,116,112,232,232,165,165,140,140,204,194,151,151,254,242
"28","QAc-G-0285","CBG",200,228,179,177,206,206,165,165,148,146,237,237,118,118,139,137,122,122,232,232,165,165,137,134,194,194,151,151,254,250
"31","QAc-G-0288","CBG",226,200,0,0,206,206,161,161,148,148,225,239,118,118,139,137,116,116,232,232,165,165,137,134,206,214,154,154,250,250
"35","QAc-G-0292","CBG",200,214,181,179,206,206,163,161,154,154,239,237,118,118,139,139,116,122,232,232,165,165,137,134,194,186,139,151,254,250
"37","QAc-G-0294","CBG",212,200,171,171,206,206,165,163,150,152,235,245,118,124,135,139,116,116,232,232,165,161,137,134,210,202,151,157,246,258
"38","QAc-G-0295","CBG",200,208,173,173,206,206,165,167,146,138,239,239,118,118,139,139,116,116,232,232,165,165,140,140,192,216,157,157,246,248
"39","QAc-G-0296","CBG",200,224,181,173,206,206,161,161,144,140,235,237,118,124,139,139,120,130,232,232,165,165,137,140,192,208,151,157,246,258
"40","QAc-G-0297","CBG",200,220,171,187,206,206,161,179,140,162,237,237,118,118,139,137,114,114,232,232,165,161,137,140,192,188,139,157,248,260
"41","QAc-G-0298","CBG",212,208,0,0,206,206,165,161,138,144,237,237,118,118,139,139,116,120,232,232,161,161,140,134,192,216,139,157,256,258
"42","QAc-G-0299","CBG",200,200,171,181,206,206,161,157,150,144,239,237,118,118,139,139,114,114,232,232,165,161,140,140,206,216,139,151,258,248
"43","QAc-G-0300","CBG",212,200,171,173,206,206,163,167,144,140,235,233,118,118,139,139,116,130,232,232,165,165,137,137,192,208,157,157,256,258
"44","QAc-G-0301","CBG",212,202,171,171,206,206,167,161,140,140,239,235,118,118,139,139,114,120,232,232,165,165,140,134,210,192,139,157,254,248
"45","QAc-G-0302","CBG",210,208,171,187,206,208,163,161,148,166,237,227,118,118,139,137,114,124,232,238,165,165,137,134,200,194,157,160,256,246
"46","QAc-G-0303","CBG",210,200,171,171,206,206,163,149,150,166,227,243,118,118,139,139,122,122,232,232,165,165,137,137,194,194,145,160,242,248
"48","QAc-G-0305","CBG",200,214,181,173,206,206,161,161,146,144,239,235,118,118,139,139,116,118,232,232,165,167,137,134,210,200,154,154,254,242
"50","QAc-G-0307","CBG",210,216,171,175,206,206,165,173,146,154,229,235,118,118,139,139,118,114,232,232,165,165,134,134,206,184,151,157,256,262
"56","QAc-G-0313","CBG",212,202,171,173,206,204,165,163,146,154,237,231,118,118,139,143,116,112,232,232,165,167,137,134,208,198,157,154,258,254
"57","QAc-G-0314","CBG",212,202,173,183,206,206,163,177,148,152,237,231,118,118,139,139,116,114,232,238,165,161,137,140,206,196,157,157,256,258
"58","QAc-G-0315","CBG",212,206,173,187,206,218,163,177,154,150,233,231,118,118,139,139,114,134,232,238,165,167,137,140,206,202,151,157,258,250
"59","QAc-G-0316","CBG",212,200,179,187,206,208,163,171,148,154,225,231,118,118,139,139,118,118,232,232,165,165,137,137,206,198,151,157,258,264
"61","QAc-G-0033","DBG",200,200,171,171,206,206,161,161,148,140,235,233,118,124,139,139,116,114,232,232,165,165,137,140,206,216,151,157,246,248
"62","QAc-G-0034","DBG",210,212,171,171,206,206,167,161,148,144,235,233,118,118,139,139,116,120,232,232,165,165,140,134,206,192,139,145,258,248
"63","QAc-G-0035","DBG",200,200,181,189,206,206,165,161,144,152,235,233,118,124,135,139,116,114,232,232,165,165,137,134,190,202,157,157,254,260
"64","QAc-G-0036","DBG",212,212,181,187,206,206,161,161,148,144,235,237,118,124,139,139,112,120,232,232,165,161,137,140,206,216,157,154,258,248
"67","QAc-G-0039","DBG",210,212,181,173,206,206,165,163,148,152,235,237,118,118,135,139,116,116,232,232,165,165,137,137,202,208,157,157,246,258
"68","QAc-G-0040","DBG",200,224,173,173,206,206,165,161,158,152,233,243,118,118,139,139,116,114,232,232,165,165,134,134,212,192,151,157,258,248
"73","QAc-G-0045","DBG",200,200,171,181,206,206,161,161,144,140,235,233,118,118,139,139,116,118,232,232,165,165,140,134,206,192,139,157,258,258
"78","QAc-G-0050","DBG",210,216,171,175,206,206,173,171,146,150,239,235,118,118,137,137,116,116,232,232,165,167,137,134,186,196,151,160,256,244
"80","QAc-G-0052","DBG",212,216,175,191,206,206,173,167,146,158,235,235,118,118,139,139,116,118,232,232,165,165,137,134,206,184,151,157,262,252
"84","QAc-G-0056","DBG",216,196,175,187,206,206,161,161,138,158,235,237,118,118,139,139,118,124,232,232,165,165,137,149,210,190,145,160,256,256
"91","QAc-G-0280","FGT",212,200,0,0,206,206,161,161,148,146,225,239,118,118,139,139,124,124,232,232,165,165,134,134,210,208,151,157,256,254
"93","QAc-G-0018","HBG",212,200,171,173,206,206,167,161,148,144,235,235,118,118,139,139,118,126,232,232,165,165,140,134,206,216,139,157,258,248
"101","QAc-G-0017","HBG",210,202,171,183,206,204,163,167,144,144,239,231,118,118,139,139,122,122,232,232,165,165,137,134,202,204,157,157,258,248
"102","QAc-G-0250","Meis",226,224,179,173,206,206,161,161,150,152,225,235,118,118,139,139,112,124,232,232,165,167,134,134,202,200,157,154,252,252
"103","QAc-G-0003","MBG",226,200,0,0,206,206,161,161,146,144,235,235,118,118,139,139,116,122,232,232,165,167,137,137,210,214,151,154,256,250
"107","QAc-G-0283","Moore",220,238,183,187,206,206,163,167,138,144,235,237,118,118,139,139,112,114,232,232,165,165,137,134,190,194,157,154,242,242
"114","QAc-G-0271","MA",202,121,171,187,206,206,163,167,144,140,235,233,118,124,139,137,116,116,232,232,165,165,137,140,202,214,157,157,246,254
"122","QAc-G-0255","Peckerwood",200,208,171,183,206,206,161,171,134,134,235,227,118,118,139,137,114,126,232,238,165,165,137,140,200,200,151,157,254,254
"123","QAc-G-0256","Peckerwood",200,214,171,181,206,206,163,161,146,166,233,227,118,118,139,139,122,114,232,238,165,165,137,134,202,200,151,160,248,248
"124","QAc-G-0257","Peckerwood",210,206,171,191,206,206,163,161,138,138,235,227,118,118,139,137,122,130,232,232,165,165,137,143,202,200,157,160,256,248
"126","QAc-G-0259","Peckerwood",200,190,163,165,206,208,163,155,146,152,245,251,118,118,143,143,114,120,238,238,167,155,137,137,184,184,157,160,260,276
"127","QAc-G-0260","Peckerwood",226,200,185,173,206,206,161,171,138,138,233,245,118,118,139,139,122,130,238,238,165,165,137,140,206,220,151,163,256,250
"128","QAc-G-0261","Peckerwood",226,216,171,175,206,206,167,171,138,156,239,237,118,124,139,139,116,122,232,232,165,161,137,137,202,198,157,163,258,248
"136","QAc-G-0109","TMA",210,216,171,173,206,204,163,167,144,144,239,227,118,118,139,139,118,114,232,232,165,161,137,134,206,200,142,160,242,248
"141","QAc-G-0114","TMA",200,206,171,183,206,206,161,157,148,148,235,227,118,118,139,137,122,126,232,232,165,165,140,134,194,188,157,160,248,260
"144","QAc-G-0117","TMA",200,214,171,171,206,206,167,161,146,144,237,233,118,118,139,139,116,118,232,232,165,161,137,137,202,194,151,157,258,252
"147","QAc-G-0120","TMA",210,212,171,183,206,206,161,175,144,152,237,227,118,118,139,137,118,114,232,232,165,165,137,128,194,188,151,157,246,254
"152","QAc-G-0125","TMA",202,222,179,173,206,204,165,167,146,146,239,227,118,124,139,139,116,122,232,232,165,165,137,137,206,200,157,163,258,254
"168","QAc-G-0141","TMA",200,214,171,181,206,206,167,161,144,162,235,245,118,118,139,139,114,124,232,232,165,165,137,134,202,192,151,151,258,242
"170","QAc-G-0143","TMA",212,208,187,193,206,206,173,169,148,140,239,237,118,118,139,139,108,108,234,234,161,173,137,137,180,180,154,154,254,248
"174","QAc-G-0147","TMA",216,214,171,173,206,204,163,161,138,138,239,235,118,118,139,139,114,120,232,232,165,165,137,137,206,202,151,157,256,248
"175","QAc-G-0148","TMA",214,214,173,187,206,206,165,161,150,150,235,233,118,118,139,139,120,126,232,238,165,167,137,137,198,194,157,163,256,248
"199","QAc-G-0174","TMA",228,214,179,177,206,206,165,161,144,144,235,233,118,118,139,139,112,122,232,232,165,167,137,134,210,194,139,151,250,248
"213","QAc-G-0188","TMA",200,208,181,183,206,206,161,171,144,152,239,237,118,118,137,137,116,126,232,232,165,165,134,143,202,214,157,157,254,250
"242","QAc-G-0217","TMA",202,202,171,181,206,206,173,173,148,138,229,235,118,118,139,139,116,118,232,232,165,165,137,137,206,194,145,157,262,242
"253","QAc-G-0229","TMA",210,212,171,187,206,206,167,161,144,140,235,237,118,118,139,139,112,114,232,232,165,161,137,134,210,216,139,157,256,248
"257","QAc-G-0233","TMA",200,218,185,173,206,206,167,155,148,146,235,233,118,124,139,137,116,114,232,232,165,165,137,140,190,184,145,157,260,260
"261","QAc-G-0237","TMA",210,212,171,173,206,206,161,161,148,138,239,233,118,118,139,139,114,130,232,232,165,165,137,140,206,216,151,157,256,246
"265","QAc-G-0241","TMA",200,224,171,171,206,206,167,161,150,138,239,237,118,118,139,137,116,114,232,232,165,161,137,140,210,182,151,157,242,248
"267","QAc-G-0243","TMA",216,200,171,173,206,206,165,163,138,152,235,233,118,114,139,139,116,114,232,232,165,165,137,137,190,192,151,157,258,258
"273","QAc-G-0249","Trompenburg ",210,218,183,187,206,206,163,161,148,154,225,237,118,118,139,137,116,114,232,232,165,165,137,140,212,204,151,154,256,244
"278","QAc-W-0001","PorterMountain_W",200,208,171,187,206,208,161,157,166,140,235,237,118,118,139,139,116,114,232,232,165,165,140,140,206,192,151,151,256,258
"279","QAc-W-0002","PorterMountain_W",200,200,171,173,206,206,161,161,146,140,235,237,118,118,139,137,116,114,232,238,165,161,140,134,210,192,157,154,258,248
"280","QAc-W-0003","PorterMountain_W",200,208,171,189,206,206,167,161,146,152,233,233,118,118,139,139,118,114,232,232,165,165,140,140,210,194,151,157,256,258
"282","QAc-W-0005","PorterMountain_W",200,200,171,189,206,208,163,161,140,152,237,233,118,118,139,139,116,114,232,232,165,165,137,140,206,210,151,151,254,254
"284","QAc-W-0007","PorterMountain_W",200,208,189,189,0,0,0,0,144,152,235,233,118,118,139,139,116,114,232,232,165,165,137,140,206,208,151,157,256,258
"285","QAc-W-0008","PorterMountain_W",200,208,173,189,206,208,161,161,150,152,235,233,118,118,139,139,116,114,232,232,165,161,137,125,204,208,0,0,256,246
"286","QAc-W-0009","PorterMountain_W",210,208,173,173,206,206,161,161,138,144,239,243,118,118,139,137,116,114,232,238,165,165,140,134,210,202,157,157,256,246
"288","QAc-W-0011","PorterMountain_W",212,200,173,189,206,206,161,153,144,152,237,233,118,118,139,139,116,122,232,232,165,165,137,140,206,210,151,157,246,252
"289","QAc-W-0012","PorterMountain_W",212,200,175,173,206,206,167,157,140,152,233,233,118,124,139,137,114,114,232,232,165,165,140,134,210,208,151,154,248,260
"290","QAc-W-0013","PorterMountain_W",200,200,171,181,206,206,163,161,144,158,229,233,118,118,139,137,116,130,232,232,165,165,134,134,210,192,151,157,246,248
"291","QAc-W-0014","PorterMountain_W",200,218,171,173,206,208,167,161,152,152,235,237,118,118,139,139,116,112,232,232,165,165,137,140,192,208,151,151,258,260
"292","QAc-W-0015","PorterMountain_W",200,224,181,173,206,206,163,161,144,144,235,237,118,118,139,139,112,118,232,232,165,165,140,134,210,192,151,151,248,248
"294","QAc-W-0017","PorterMountain_W",200,224,171,181,206,206,163,161,154,140,237,245,118,118,139,139,118,118,232,232,165,161,137,137,210,194,157,157,256,242
"295","QAc-W-0018","PorterMountain_W",210,202,181,187,206,208,163,167,152,152,235,237,118,118,139,139,116,126,232,232,165,165,137,140,206,206,151,157,258,252
"297","QAc-W-0020","PorterMountain_W",202,208,187,189,206,208,167,167,150,152,237,233,118,118,139,139,116,128,232,232,165,161,137,140,190,214,151,151,254,260
"298","QAc-W-0021","PorterMountain_W",200,200,171,175,206,206,163,157,148,152,225,241,118,118,139,139,116,114,232,232,165,165,137,140,206,200,151,157,258,252
"299","QAc-W-0022","PorterMountain_W",200,200,171,179,206,206,163,177,148,144,235,237,118,118,139,139,116,112,232,232,165,161,137,137,210,190,139,151,246,258
"300","QAc-W-0023","PorterMountain_W",216,200,171,171,206,206,163,161,160,138,237,245,118,118,139,139,114,114,232,232,165,165,140,140,0,0,151,157,246,258
"301","QAc-W-0024","PorterMountain_W",200,208,171,181,206,208,163,161,148,140,225,237,118,118,139,139,118,118,232,232,165,165,137,137,206,214,151,157,246,260
"302","QAc-W-0025","PorterMountain_W",212,200,171,187,206,208,161,161,148,140,233,233,118,118,139,137,116,116,232,232,165,165,137,134,184,216,157,157,246,260
"303","QAc-W-0026","PorterMountain_W",212,218,175,181,206,206,161,161,166,140,233,233,118,118,139,137,116,112,232,232,165,165,137,140,206,210,151,154,254,260
"304","QAc-W-0027","PorterMountain_W",212,200,187,189,206,206,161,161,148,144,235,235,118,118,139,139,114,114,232,238,165,165,137,140,192,216,157,157,256,256
"305","QAc-W-0028","PorterMountain_W",208,208,187,189,206,206,161,161,144,140,237,245,118,118,139,139,116,114,232,232,165,161,140,134,210,192,151,157,254,260
"306","QAc-W-0029","PorterMountain_W",200,200,171,175,206,206,163,161,150,158,237,233,118,118,139,139,116,116,232,232,165,165,140,140,202,216,157,157,258,260
"307","QAc-W-0030","PorterMountain_W",200,200,171,173,206,206,165,161,150,144,239,233,118,118,139,139,116,116,232,232,165,165,137,134,192,182,157,157,256,258
"309","QAc-W-0032","PorterMountain_W",202,218,171,173,206,208,167,161,140,152,235,233,118,124,139,139,116,114,232,232,165,165,140,140,190,208,151,157,246,258
"310","QAc-W-0033","PorterMountain_W",202,224,175,173,206,208,167,161,150,152,235,245,118,118,139,137,116,114,232,232,165,165,137,140,190,202,139,145,256,258
"312","QAc-W-0035","PorterMountain_W",212,218,173,187,206,206,167,161,144,152,239,235,118,118,139,139,116,116,232,232,165,167,137,140,206,216,151,157,246,248
"314","QAc-W-0037","PorterMountain_W",212,212,175,173,206,206,167,161,148,144,237,233,118,118,139,139,114,120,232,232,165,165,137,140,210,192,151,157,256,248
"315","QAc-W-0038","PorterMountain_W",224,208,171,171,206,206,163,167,146,140,235,237,118,118,139,139,116,114,232,232,165,165,137,137,214,192,157,157,246,254
"317","QAc-W-0040","PorterMountain_W",216,222,171,173,206,208,161,157,148,138,235,233,118,118,139,139,114,114,232,232,165,165,137,140,206,214,151,157,256,260
"318","QAc-W-0041","PorterMountain_W",212,200,171,181,206,206,161,161,150,144,235,233,118,118,139,137,116,118,232,238,165,165,137,140,210,210,139,151,258,252
"319","QAc-W-0042","MagazineMountain_W",200,214,181,181,206,206,167,161,166,158,237,227,118,118,139,137,122,130,232,232,165,165,137,137,202,202,139,151,256,258
"321","QAc-W-0044","MagazineMountain_W",200,200,171,179,206,206,161,161,144,158,235,245,118,118,139,139,122,122,232,232,165,165,137,137,202,192,139,151,258,248
"322","QAc-W-0045","MagazineMountain_W",214,232,181,173,206,206,161,161,146,166,237,227,118,118,139,137,126,126,238,238,165,161,137,134,206,202,151,157,256,258
"324","QAc-W-0047","MagazineMountain_W",200,232,171,173,206,206,161,161,144,144,227,245,118,118,139,139,112,122,232,238,165,165,137,134,192,194,151,151,258,258
"325","QAc-W-0048","MagazineMountain_W",210,232,171,173,206,208,167,161,160,166,227,241,118,118,139,139,114,130,232,238,165,165,137,134,202,200,139,151,246,248
"327","QAc-W-0050","MagazineMountain_W",214,214,175,173,206,206,163,161,142,144,227,231,116,116,139,139,116,124,232,232,165,161,137,137,202,200,157,154,262,248
"328","QAc-W-0051","MagazineMountain_W",214,214,175,173,206,206,165,161,150,150,235,233,118,118,139,137,122,126,232,232,165,167,137,137,202,194,157,163,256,258
"329","QAc-W-0052","MagazineMountain_W",202,200,179,173,206,206,167,167,166,166,233,227,118,124,139,139,122,120,232,232,165,165,137,137,206,202,151,157,258,254
"330","QAc-W-0053","MagazineMountain_W",210,214,171,173,206,206,163,169,144,144,233,227,118,118,139,137,116,122,232,238,165,165,137,137,202,200,151,160,258,248
"331","QAc-W-0054","MagazineMountain_W",212,214,173,187,206,206,167,161,154,154,239,241,118,118,139,139,116,126,232,232,165,167,137,134,202,202,151,151,258,250
"332","QAc-W-0055","MagazineMountain_W",200,214,185,173,206,206,161,161,146,146,239,235,118,118,139,139,124,126,232,232,167,167,137,137,206,202,151,151,246,250
"333","QAc-W-0056","MagazineMountain_W",212,200,171,187,206,208,167,161,150,138,235,235,118,118,139,139,124,126,232,232,165,167,137,140,192,194,154,142,262,258
"334","QAc-W-0057","MagazineMountain_W",210,214,171,177,206,206,163,167,150,150,235,237,118,118,139,139,122,124,232,232,165,167,137,134,206,194,139,157,262,246
"337","QAc-W-0060","MagazineMountain_W",224,224,177,177,206,206,165,161,138,144,239,239,118,118,139,139,122,120,232,232,165,165,137,134,214,194,151,157,256,248
"338","QAc-W-0061","MagazineMountain_W",210,224,175,177,206,206,161,161,154,144,235,237,118,118,139,139,114,114,232,232,165,165,134,134,214,194,151,154,256,254
"339","QAc-W-0062","MagazineMountain_W",226,224,179,179,206,206,165,161,138,138,235,237,118,118,139,139,112,122,232,232,165,165,137,134,194,194,139,151,256,254
"340","QAc-W-0063","MagazineMountain_W",216,214,179,173,206,204,165,161,148,138,237,233,118,118,139,139,116,116,232,232,165,165,137,134,214,194,151,151,254,254
"341","QAc-W-0064","MagazineMountain_W",226,228,179,173,206,208,165,161,146,138,235,235,118,118,139,139,116,112,232,232,165,167,134,134,214,194,151,157,242,248
"342","QAc-W-0065","MagazineMountain_W",224,228,179,187,206,206,165,161,146,144,235,237,118,118,139,139,112,124,232,232,165,167,137,137,206,194,151,157,242,248
"343","QAc-W-0066","MagazineMountain_W",212,200,181,181,206,206,161,161,146,146,225,239,118,118,139,139,116,122,232,232,165,165,137,134,210,214,139,151,250,250
"348","QAc-W-0071","MagazineMountain_W",200,224,181,177,206,206,0,0,154,144,225,225,118,118,139,139,112,122,232,232,165,165,134,134,194,194,151,157,256,242
"349","QAc-W-0072","MagazineMountain_W",218,214,185,179,206,208,161,161,154,154,235,237,118,118,139,139,116,112,232,232,165,167,137,134,194,194,139,157,256,254
"350","QAc-W-0073","MagazineMountain_W",224,214,171,179,206,206,165,163,144,144,239,235,118,118,139,139,112,122,232,232,165,165,137,134,204,194,151,151,254,252
"354","QAc-W-0077","MagazineMountain_W",200,214,181,179,206,206,161,161,146,144,239,233,118,118,139,139,112,124,232,232,165,165,137,134,214,194,151,154,254,248
"355","QAc-W-0078","PryorMountain_W",202,218,175,181,206,204,161,161,148,146,225,229,118,118,139,139,116,116,232,232,165,165,137,140,210,192,145,157,246,244
"356","QAc-W-0079","PryorMountain_W",210,212,175,185,206,206,165,161,148,148,225,229,118,118,139,139,116,116,232,232,165,165,140,134,206,200,0,0,262,262
"358","QAc-W-0081","PryorMountain_W",202,216,175,181,206,206,165,165,138,158,235,233,118,118,139,137,116,118,232,232,165,165,134,134,206,210,151,151,256,252
"359","QAc-W-0082","PryorMountain_W",212,218,171,181,206,206,173,173,150,162,235,235,116,116,137,137,116,126,232,232,165,167,137,134,206,194,139,157,246,242
"360","QAc-W-0083","PryorMountain_W",202,218,181,181,206,206,165,161,138,138,229,235,118,118,139,139,116,118,232,232,165,165,137,140,210,194,151,157,262,242
"363","QAc-W-0086","PryorMountain_W",200,218,181,173,206,206,173,173,162,162,229,229,118,118,139,137,118,118,232,232,165,165,137,137,206,210,139,151,256,242
"364","QAc-W-0087","PryorMountain_W",212,216,181,181,206,206,165,173,148,148,229,235,118,118,139,137,118,114,232,232,165,165,137,137,210,200,145,151,262,246
"365","QAc-W-0088","PryorMountain_W",212,212,181,183,206,206,165,169,146,138,229,235,118,118,139,139,118,118,232,232,165,167,140,140,206,206,151,157,256,246
"369","QAc-W-0092","PryorMountain_W",212,216,181,181,206,206,165,161,166,140,235,241,118,118,139,139,116,118,232,232,165,165,137,140,210,192,139,151,246,252
"370","QAc-W-0093","PryorMountain_W",210,208,171,185,206,206,165,167,138,162,235,237,118,118,139,137,116,116,232,232,165,165,140,134,206,210,157,163,262,242
"371","QAc-W-0094","PryorMountain_W",226,208,191,191,206,206,165,167,148,138,233,233,118,118,139,139,116,118,232,232,165,165,137,137,206,194,151,157,258,242
"374","QAc-W-0097","PryorMountain_W",212,200,171,171,206,206,165,173,144,156,235,233,118,118,139,139,118,114,232,232,165,165,137,134,206,210,151,163,262,246
"376","QAc-W-0099","PryorMountain_W",212,216,175,181,206,206,173,177,148,158,235,241,118,118,139,139,116,116,232,232,165,165,137,137,202,184,145,157,252,248
"382","QAc-W-0107","PryorMountain_W",202,200,171,175,206,206,165,165,160,146,229,235,118,118,139,139,112,118,232,232,165,167,137,134,206,210,151,151,242,242
"390","QAc-W-0115","Sugar_Loaf_Mountains_W",212,222,179,173,206,206,163,161,138,138,235,235,118,118,139,141,114,114,232,232,165,165,137,140,206,212,145,157,254,242
"391","QAc-W-0116","Sugar_Loaf_Mountains_W",200,222,171,185,206,206,163,167,154,138,235,237,118,118,137,143,112,118,232,232,165,165,137,137,192,200,151,157,258,248
"392","QAc-W-0117","Sugar_Loaf_Mountains_W",218,222,173,183,206,206,163,163,140,140,235,237,118,118,139,137,114,114,232,238,165,165,137,134,190,212,157,154,258,242
"393","QAc-W-0118","Sugar_Loaf_Mountains_W",200,218,185,179,206,206,163,161,148,154,235,243,118,118,139,139,118,124,232,232,165,165,137,134,206,212,145,151,254,242
"394","QAc-W-0119","Sugar_Loaf_Mountains_W",210,218,185,173,206,206,163,167,154,138,225,237,118,118,139,137,114,124,232,232,165,165,137,137,212,192,151,154,258,244
"395","QAc-W-0120","Sugar_Loaf_Mountains_W",218,222,173,177,206,206,163,167,138,140,237,245,118,118,139,139,116,116,232,238,165,165,137,140,184,200,145,154,250,252
"396","QAc-W-0121","Sugar_Loaf_Mountains_W",200,200,185,173,206,206,163,161,142,140,245,245,118,118,137,137,116,112,232,232,165,165,137,134,190,212,151,151,250,248
"397","QAc-W-0122","Sugar_Loaf_Mountains_W",210,200,185,179,206,206,163,161,152,152,235,245,118,118,139,139,112,114,232,232,165,165,137,137,192,200,145,142,242,242
"398","QAc-W-0123","Sugar_Loaf_Mountains_W",210,216,185,185,206,206,163,163,146,144,235,235,118,118,139,139,114,120,232,232,165,165,137,137,212,196,145,157,0,0
"399","QAc-W-0124","Sugar_Loaf_Mountains_W",212,212,179,177,206,206,161,161,138,140,235,233,118,118,139,139,112,112,232,232,165,165,137,137,210,184,145,151,242,252
"400","QAc-W-0125","Sugar_Loaf_Mountains_W",210,216,171,185,206,206,167,161,148,154,235,231,118,118,139,139,118,114,232,232,165,165,137,137,212,212,151,154,256,242
"407","QAc-W-0132","Sugar_Loaf_Mountains_W",200,218,179,173,206,206,161,161,154,140,239,235,118,118,139,139,116,118,232,232,165,165,137,134,206,206,145,157,0,0
"409","QAc-W-0134","Sugar_Loaf_Mountains_W",210,216,185,183,206,206,167,161,138,144,235,245,118,118,139,139,116,112,232,232,165,165,137,137,206,212,151,154,248,248
"410","QAc-W-0135","Sugar_Loaf_Mountains_W",212,222,179,189,206,206,161,161,144,152,237,237,118,118,139,139,116,116,232,232,165,165,137,134,212,184,151,151,242,248
"411","QAc-W-0136","Sugar_Loaf_Mountains_W",216,216,179,173,206,206,161,159,138,140,235,231,118,118,139,137,112,118,232,232,165,165,137,137,212,208,157,157,248,248
"415","QAc-W-0140","Sugar_Loaf_Mountains_W",200,222,173,183,206,206,161,161,138,144,235,245,118,118,139,137,112,114,232,238,165,165,137,137,190,212,151,157,246,246
"416","QAc-W-0141","Sugar_Loaf_Mountains_W",210,200,173,183,206,206,161,161,148,144,235,237,118,118,139,139,116,116,232,232,165,165,137,137,190,198,157,157,0,0
"417","QAc-W-0142","Sugar_Loaf_Mountains_W",210,222,179,173,206,206,163,161,154,144,245,243,118,118,139,137,116,116,232,232,165,167,137,137,212,212,151,151,256,242
"418","QAc-W-0143","Sugar_Loaf_Mountains_W",218,206,185,177,206,206,167,161,154,158,235,235,118,118,137,137,116,116,232,232,165,165,137,137,206,184,151,151,256,248
"423","QAc-W-0148","Sugar_Loaf_Mountains_W",210,222,179,177,206,206,161,161,154,140,235,237,118,118,139,139,116,114,232,232,165,165,137,137,206,212,157,157,258,248
"424","QAc-W-0149","Sugar_Loaf_Mountains_W",210,200,179,183,206,206,163,161,158,152,235,235,118,118,139,139,112,118,232,232,165,165,137,137,202,204,145,151,258,258
"425","QAc-W-0150","Sugar_Loaf_Mountains_W",210,212,171,185,206,206,167,167,154,152,235,237,118,118,139,139,116,112,232,232,165,165,137,137,210,184,151,151,258,258
"426","QAc-W-0151","Sugar_Loaf_Mountains_W",212,212,171,179,206,206,161,159,154,140,235,237,118,118,139,137,112,114,232,232,165,165,137,125,206,212,151,157,258,242
"427","QAc-W-0152","Sugar_Loaf_Mountains_W",200,214,179,179,206,206,161,161,138,144,235,235,118,118,139,139,118,114,232,232,165,165,137,125,212,184,145,151,248,248
"428","QAc-W-0153","Sugar_Loaf_Mountains_W",210,212,173,183,212,212,165,165,144,140,239,235,118,118,139,139,112,114,232,232,165,165,134,146,190,192,151,157,246,242
"429","QAc-W-0154","Sugar_Loaf_Mountains_W",222,206,187,189,206,206,161,159,138,140,235,235,118,118,135,139,116,114,232,232,165,165,137,137,190,212,151,151,252,244
"432","QAc-W-0157","Sugar_Loaf_Mountains_W",216,220,179,173,206,206,167,167,144,144,235,235,118,118,137,143,116,120,232,238,165,165,137,134,212,212,151,154,256,254
"433","QAc-W-0158","Sugar_Loaf_Mountains_W",200,218,179,173,206,206,163,161,148,138,235,235,118,118,139,139,116,118,232,232,165,165,137,140,210,212,151,157,258,248
"434","QAc-W-0159","Sugar_Loaf_Mountains_W",200,222,175,183,206,206,167,161,154,140,245,243,118,118,139,137,114,114,232,232,165,165,137,137,190,212,145,151,256,248
"435","QAc-W-0160","Sugar_Loaf_Mountains_W",210,216,185,177,206,206,161,161,144,140,235,245,118,118,135,141,116,114,232,232,165,165,137,140,206,208,151,157,256,244
"438","QAc-W-0163","Sugar_Loaf_Mountains_W",210,214,171,173,206,206,161,161,138,142,237,243,118,118,139,143,118,124,232,232,165,165,137,137,190,212,151,151,258,248
"439","QAc-W-0164","Sugar_Loaf_Mountains_W",200,218,179,179,206,206,161,161,154,138,235,241,118,118,139,139,116,112,232,238,165,167,137,137,206,196,151,157,256,248
"442","QAc-W-0167","Kessler_Mountain_W",200,208,179,187,206,206,163,167,146,162,235,235,118,114,139,139,118,124,232,232,165,161,134,146,200,198,151,157,246,242
"443","QAc-W-0168","Kessler_Mountain_W",210,200,175,185,206,206,163,161,154,140,239,245,118,118,139,139,116,128,232,232,165,165,134,134,210,200,157,154,254,248
"444","QAc-W-0169","Kessler_Mountain_W",214,220,187,189,206,206,161,161,150,134,239,237,118,122,139,137,116,116,232,232,165,161,134,134,192,196,151,154,258,252
"445","QAc-W-0170","Kessler_Mountain_W",200,220,171,175,206,206,163,161,154,156,235,235,118,118,139,139,114,114,232,244,165,161,140,134,192,198,151,142,246,248
"447","QAc-W-0172","Kessler_Mountain_W",210,202,171,167,206,206,163,159,164,152,235,231,118,118,135,139,118,114,232,232,161,171,140,134,190,192,163,163,246,258
"448","QAc-W-0173","Kessler_Mountain_W",200,208,179,187,206,206,165,163,144,140,235,237,118,118,139,139,116,128,232,232,165,161,137,137,198,196,157,157,246,242
"449","QAc-W-0174","Kessler_Mountain_W",200,214,181,187,206,206,163,163,146,138,237,231,118,118,139,139,114,114,232,232,165,165,134,146,192,196,157,154,242,264
