,ID,POP,0C11 - 1,0C11 - 2,1G13 - 1,1G13 - 2,G07 - 1,G07 - 2,1F02 - 1,1F02 - 2,FIR031 - 1,FIR031 - 2,GOT009 - 1,GOT009 - 2,POR016 - 1,POR016 - 2,FIR013 - 1,FIR013 - 2,FIR043 - 1,FIR043 - 2,GOTO40 - 1,GOTO40 - 2,PIE039 - 1,PIE039 - 2,FIR53 - 1,FIR53 - 2,FIR048 - 1,FIR048 - 2,PIE125 - 1,PIE125 - 2,QpZAG9 - 1,QpZAG9 - 2
1,QAc-G-0029,Garden,210,212,171,175,206,206,165,165,148,148,225,239,118,118,135,139,116,116,232,232,165,165,137,140,206,210,139,145,256,262
2,QAc-G-0030,Garden,202,210,175,185,206,206,165,165,148,160,225,229,118,118,139,139,112,116,232,232,165,165,134,134,206,206,151,151,246,262
5,QAc-G-0062,Garden,216,226,175,179,206,206,163,167,154,154,235,239,118,118,139,139,122,122,232,232,165,167,134,137,190,202,139,157,254,258
6,QAc-G-0063,Garden,200,200,179,181,206,206,161,161,148,150,237,239,118,118,135,139,114,122,232,232,165,165,134,137,206,214,139,154,250,254
7,QAc-G-0064,Garden,202,216,179,179,206,206,161,161,138,138,233,239,124,124,139,139,120,130,232,232,165,165,134,137,202,202,151,157,256,258
8,QAc-G-0065,Garden,202,226,171,175,206,206,167,167,160,166,227,233,118,118,139,139,120,130,232,232,165,165,137,137,202,202,151,157,258,258
9,QAc-G-0066,Garden,200,226,181,181,206,206,161,161,146,148,225,235,118,118,139,139,116,122,232,232,165,167,134,134,210,212,151,157,250,250
10,QAc-G-0067,Garden,202,226,171,175,206,206,161,161,164,166,227,227,118,124,139,139,118,118,232,232,165,165,137,137,192,206,151,157,254,258
11,QAc-G-0068,Garden,200,226,175,181,206,206,161,161,142,142,225,235,116,116,137,137,122,122,232,232,165,167,137,137,210,212,151,157,254,256
12,QAc-G-0069,Garden,200,226,181,181,206,206,161,161,146,148,225,235,118,118,139,139,116,122,232,232,165,167,134,134,210,212,151,157,250,250
13,QAc-G-0070,Garden,200,226,175,179,206,206,161,161,144,144,235,239,118,118,139,139,116,116,232,232,165,167,137,137,204,212,145,157,250,254
14,QAc-G-0071,Garden,212,226,173,173,0,0,0,0,144,144,225,235,118,118,139,139,122,122,232,232,165,167,134,134,210,210,139,151,242,250
15,QAc-G-0072,Garden,200,212,173,181,206,206,161,161,146,148,225,239,118,118,139,139,116,124,232,232,165,165,137,137,210,212,151,157,250,250
16,QAc-G-0073,Garden,200,212,171,173,206,206,161,167,144,144,235,235,118,118,135,135,114,116,232,232,165,165,140,140,184,192,139,157,252,258
17,QAc-G-0074,Garden,200,200,173,181,206,206,161,161,140,148,235,237,118,118,139,139,112,114,232,232,161,165,134,137,204,214,139,154,258,258
18,QAc-G-0075,Garden,202,212,171,175,206,206,161,163,140,144,235,237,118,118,139,139,114,116,232,232,161,165,134,140,214,216,151,157,246,248
19,QAc-G-0076,Garden,200,200,173,175,206,206,153,161,138,158,239,245,118,118,135,139,116,130,232,232,161,165,140,140,208,210,151,151,258,258
23,QAc-G-0080,Garden,224,226,171,181,206,206,167,173,146,162,235,241,118,118,139,139,118,118,232,232,161,165,134,137,184,192,145,163,242,256
24,QAc-G-0081,Garden,200,218,177,185,206,206,163,171,148,152,231,237,118,118,135,135,114,116,232,232,165,165,134,137,198,202,151,157,242,254
25,QAc-G-0082,Garden,200,222,171,183,206,208,163,167,146,162,237,237,118,118,135,135,110,116,232,232,161,165,134,137,190,194,142,157,252,252
26,QAc-G-0083,Garden,200,216,173,179,206,206,161,161,146,146,233,239,118,118,139,139,112,116,232,232,165,165,140,140,194,204,151,151,242,254
29,QAc-G-0284,Garden,202,212,0,0,206,206,167,167,144,154,231,231,118,118,139,139,114,116,232,238,165,165,0,0,0,0,0,0,0,0
30,QAc-G-0285,Garden,200,228,177,179,206,206,165,165,146,148,237,237,118,118,137,139,122,122,232,232,165,165,134,137,194,194,151,151,250,254
33,QAc-G-0288,Garden,200,226,0,0,206,206,161,161,148,148,225,239,118,118,137,139,116,116,232,232,165,165,134,137,206,214,154,154,250,250
37,QAc-G-0292,Garden,200,214,179,181,206,206,161,163,154,154,237,239,118,118,139,139,116,122,232,232,165,165,134,137,186,194,139,151,250,254
39,QAc-G-0294,Garden,200,212,171,171,206,206,163,165,150,152,235,245,118,124,135,139,116,116,232,232,161,165,134,137,202,210,151,157,246,258
40,QAc-G-0295,Garden,200,208,173,173,206,206,165,167,138,146,239,239,118,118,139,139,116,116,232,232,165,165,140,140,192,216,157,157,246,248
41,QAc-G-0296,Garden,200,224,173,181,206,206,161,161,140,144,235,237,118,124,139,139,120,130,232,232,165,165,137,140,192,208,151,157,246,258
42,QAc-G-0297,Garden,200,220,171,187,206,206,161,179,140,162,237,237,118,118,137,139,114,114,232,232,161,165,137,140,188,192,139,157,248,260
43,QAc-G-0298,Garden,208,212,0,0,206,206,161,165,138,144,237,237,118,118,139,139,116,120,232,232,161,161,134,140,192,216,139,157,256,258
44,QAc-G-0299,Garden,200,200,171,181,206,206,157,161,144,150,237,239,118,118,139,139,114,114,232,232,161,165,140,140,206,216,139,151,248,258
45,QAc-G-0300,Garden,200,212,171,173,206,206,163,167,140,144,233,235,118,118,139,139,116,130,232,232,165,165,137,137,192,208,157,157,256,258
46,QAc-G-0301,Garden,202,212,171,171,206,206,161,167,140,140,235,239,118,118,139,139,114,120,232,232,165,165,134,140,192,210,139,157,248,254
47,QAc-G-0302,Garden,208,210,171,187,206,208,161,163,148,166,227,237,118,118,137,139,114,124,232,238,165,165,134,137,194,200,157,160,246,256
48,QAc-G-0303,Garden,200,210,171,171,206,206,149,163,150,166,227,243,118,118,139,139,122,122,232,232,165,165,137,137,194,194,145,160,242,248
50,QAc-G-0305,Garden,200,214,173,181,206,206,161,161,144,146,235,239,118,118,139,139,116,118,232,232,165,167,134,137,200,210,154,154,242,254
52,QAc-G-0307,Garden,210,216,171,175,206,206,165,173,146,154,229,235,118,118,139,139,114,118,232,232,165,165,134,134,184,206,151,157,256,262
58,QAc-G-0313,Garden,202,212,171,173,204,206,163,165,146,154,231,237,118,118,139,143,112,116,232,232,165,167,134,137,198,208,154,157,254,258
59,QAc-G-0314,Garden,202,212,173,183,206,206,163,177,148,152,231,237,118,118,139,139,114,116,232,238,161,165,137,140,196,206,157,157,256,258
60,QAc-G-0315,Garden,206,212,173,187,206,218,163,177,150,154,231,233,118,118,139,139,114,134,232,238,165,167,137,140,202,206,151,157,250,258
61,QAc-G-0316,Garden,200,212,179,187,206,208,163,171,148,154,225,231,118,118,139,139,118,118,232,232,165,165,137,137,198,206,151,157,258,264
63,QAc-G-0033,Garden,200,200,171,171,206,206,161,161,140,148,233,235,118,124,139,139,114,116,232,232,165,165,137,140,206,216,151,157,246,248
64,QAc-G-0034,Garden,210,212,171,171,206,206,161,167,144,148,233,235,118,118,139,139,116,120,232,232,165,165,134,140,192,206,139,145,248,258
65,QAc-G-0035,Garden,200,200,181,189,206,206,161,165,144,152,233,235,118,124,135,139,114,116,232,232,165,165,134,137,190,202,157,157,254,260
66,QAc-G-0036,Garden,212,212,181,187,206,206,161,161,144,148,235,237,118,124,139,139,112,120,232,232,161,165,137,140,206,216,154,157,248,258
69,QAc-G-0039,Garden,210,212,173,181,206,206,163,165,148,152,235,237,118,118,135,139,116,116,232,232,165,165,137,137,202,208,157,157,246,258
70,QAc-G-0040,Garden,200,224,173,173,206,206,161,165,152,158,233,243,118,118,139,139,114,116,232,232,165,165,134,134,192,212,151,157,248,258
75,QAc-G-0045,Garden,200,200,171,181,206,206,161,161,140,144,233,235,118,118,139,139,116,118,232,232,165,165,134,140,192,206,139,157,258,258
80,QAc-G-0050,Garden,210,216,171,175,206,206,171,173,146,150,235,239,118,118,137,137,116,116,232,232,165,167,134,137,186,196,151,160,244,256
82,QAc-G-0052,Garden,212,216,175,191,206,206,167,173,146,158,235,235,118,118,139,139,116,118,232,232,165,165,134,137,184,206,151,157,252,262
86,QAc-G-0056,Garden,196,216,175,187,206,206,161,161,138,158,235,237,118,118,139,139,118,124,232,232,165,165,137,149,190,210,145,160,256,256
92,QAc-G-0277,Garden,200,226,173,185,206,206,0,0,154,156,233,239,112,118,139,139,0,0,232,232,165,167,0,0,212,212,0,0,250,254
93,QAc-G-0278,Garden,200,212,171,173,206,206,161,167,144,144,235,243,118,124,137,139,114,116,232,232,165,165,0,0,0,0,0,0,0,0
95,QAc-G-0280,Garden,200,212,0,0,206,206,161,161,146,148,225,239,118,118,139,139,124,124,232,232,165,165,134,134,208,210,151,157,254,256
97,QAc-G-0282,Garden,200,212,175,175,206,206,165,165,148,160,225,235,118,118,139,139,112,116,232,232,165,167,0,0,0,0,0,0,0,0
98,QAc-G-0018,Garden,200,212,171,173,206,206,161,167,144,148,235,235,118,118,139,139,118,126,232,232,165,165,134,140,206,216,139,157,248,258
106,QAc-G-0017,Garden,202,210,171,183,204,206,163,167,144,144,231,239,118,118,139,139,122,122,232,232,165,165,134,137,202,204,157,157,248,258
107,QAc-G-0250,Garden,224,226,173,179,206,206,161,161,150,152,225,235,118,118,139,139,112,124,232,232,165,167,134,134,200,202,154,157,252,252
108,QAc-G-0003,Garden,200,226,0,0,206,206,161,161,144,146,235,235,118,118,139,139,116,122,232,232,165,167,137,137,210,214,151,154,250,256
112,QAc-G-0007,Garden,0,0,171,181,206,206,165,173,0,0,0,0,118,118,135,139,116,118,232,232,165,165,134,140,184,210,0,0,242,252
113,QAc-G-0008,Garden,0,0,0,0,206,206,0,0,0,0,0,0,118,118,135,139,116,118,232,232,165,165,134,140,184,210,0,0,242,252
114,QAc-G-0009,Garden,210,212,177,179,206,206,165,167,0,0,231,231,118,118,139,139,0,0,0,0,0,0,137,137,190,206,157,157,258,258
115,QAc-G-0283,Garden,220,238,183,187,206,206,163,167,138,144,235,237,118,118,139,139,112,114,232,232,165,165,134,137,190,194,154,157,242,242
122,QAc-G-0271,Garden,202,121,171,187,206,206,163,167,140,144,233,235,118,124,137,139,116,116,232,232,165,165,137,140,202,214,157,157,246,254
130,QAc-G-0255,Garden,200,208,171,183,206,206,161,171,134,134,227,235,118,118,137,139,114,126,232,238,165,165,137,140,200,200,151,157,254,254
131,QAc-G-0256,Garden,200,214,171,181,206,206,161,163,146,166,227,233,118,118,139,139,114,122,232,238,165,165,134,137,200,202,151,160,248,248
132,QAc-G-0257,Garden,206,210,171,191,206,206,161,163,138,138,227,235,118,118,137,139,122,130,232,232,165,165,137,143,200,202,157,160,248,256
134,QAc-G-0259,Garden,190,200,163,165,206,208,155,163,146,152,245,251,118,118,143,143,114,120,238,238,155,167,137,137,184,184,157,160,260,276
135,QAc-G-0260,Garden,200,226,173,185,206,206,161,171,138,138,233,245,118,118,139,139,122,130,238,238,165,165,137,140,206,220,151,163,250,256
136,QAc-G-0261,Garden,216,226,171,175,206,206,167,171,138,156,237,239,118,124,139,139,116,122,232,232,161,165,137,137,198,202,157,163,248,258
140,QAc-G-0012,Garden,210,212,173,179,206,206,163,167,148,154,231,231,118,118,141,141,114,116,232,232,165,165,137,137,198,206,157,157,258,258
141,QAc-G-0013,Garden,210,212,173,179,206,206,163,167,148,154,231,231,118,118,141,141,114,116,232,232,165,165,137,137,198,206,157,157,258,258
142,QAc-G-0014,Garden,210,212,173,179,206,206,163,167,148,154,231,231,118,118,141,141,114,116,232,232,165,165,137,137,198,206,157,157,258,258
147,QAc-G-0109,Garden,210,216,171,173,204,206,163,167,144,144,227,239,118,118,139,139,114,118,232,232,161,165,134,137,200,206,142,160,242,248
152,QAc-G-0114,Garden,200,206,171,183,206,206,157,161,148,148,227,235,118,118,137,139,122,126,232,232,165,165,134,140,188,194,157,160,248,260
155,QAc-G-0117,Garden,200,214,171,171,206,206,161,167,144,146,233,237,118,118,139,139,116,118,232,232,161,165,137,137,194,202,151,157,252,258
158,QAc-G-0120,Garden,210,212,171,183,206,206,161,175,144,152,227,237,118,118,137,139,114,118,232,232,165,165,128,137,188,194,151,157,246,254
163,QAc-G-0125,Garden,202,222,173,179,204,206,165,167,146,146,227,239,118,124,139,139,116,122,232,232,165,165,137,137,200,206,157,163,254,258
179,QAc-G-0141,Garden,200,214,171,181,206,206,161,167,144,162,235,245,118,118,139,139,114,124,232,232,165,165,134,137,192,202,151,151,242,258
181,QAc-G-0143,Garden,208,212,187,193,206,206,169,173,140,148,237,239,118,118,139,139,108,108,234,234,161,173,137,137,180,180,154,154,248,254
185,QAc-G-0147,Garden,214,216,171,173,204,206,161,163,138,138,235,239,118,118,139,139,114,120,232,232,165,165,137,137,202,206,151,157,248,256
186,QAc-G-0148,Garden,214,214,173,187,206,206,161,165,150,150,233,235,118,118,139,139,120,126,232,238,165,167,137,137,194,198,157,163,248,256
210,QAc-G-0174,Garden,214,228,177,179,206,206,161,165,144,144,233,235,118,118,139,139,112,122,232,232,165,167,134,137,194,210,139,151,248,250
224,QAc-G-0188,Garden,200,208,181,183,206,206,161,171,144,152,237,239,118,118,137,137,116,126,232,232,165,165,134,143,202,214,157,157,250,254
253,QAc-G-0217,Garden,202,202,171,181,206,206,173,173,138,148,229,235,118,118,139,139,116,118,232,232,165,165,137,137,194,206,145,157,242,262
264,QAc-G-0229,Garden,210,212,171,187,206,206,161,167,140,144,235,237,118,118,139,139,112,114,232,232,161,165,134,137,210,216,139,157,248,256
268,QAc-G-0233,Garden,200,218,173,185,206,206,155,167,146,148,233,235,118,124,137,139,114,116,232,232,165,165,137,140,184,190,145,157,260,260
272,QAc-G-0237,Garden,210,212,171,173,206,206,161,161,138,148,233,239,118,118,139,139,114,130,232,232,165,165,137,140,206,216,151,157,246,256
276,QAc-G-0241,Garden,200,224,171,171,206,206,161,167,138,150,237,239,118,118,137,139,114,116,232,232,161,165,137,140,182,210,151,157,242,248
278,QAc-G-0243,Garden,200,216,171,173,206,206,163,165,138,152,233,235,114,118,139,139,114,116,232,232,165,165,137,137,190,192,151,157,258,258
284,QAc-G-0249,Garden,210,218,183,187,206,206,161,163,148,154,225,237,118,118,137,139,114,116,232,232,165,165,137,140,204,212,151,154,244,256
289,QAc-G-0264,Garden,200,228,177,185,206,206,161,177,148,154,235,241,118,118,137,139,114,122,232,232,165,167,134,137,198,206,151,154,252,254
290,QAc-W-0001,Wild,200,208,171,187,206,208,157,161,140,166,235,237,118,118,139,139,114,116,232,232,165,165,140,140,192,206,151,151,256,258
291,QAc-W-0002,Wild,200,200,171,173,206,206,161,161,140,146,235,237,118,118,137,139,114,116,232,238,161,165,134,140,192,210,154,157,248,258
292,QAc-W-0003,Wild,200,208,171,189,206,206,161,167,146,152,233,233,118,118,139,139,114,118,232,232,165,165,140,140,194,210,151,157,256,258
294,QAc-W-0005,Wild,200,200,171,189,206,208,161,163,140,152,233,237,118,118,139,139,114,116,232,232,165,165,137,140,206,210,151,151,254,254
296,QAc-W-0007,Wild,200,208,189,189,0,0,0,0,144,152,233,235,118,118,139,139,114,116,232,232,165,165,137,140,206,208,151,157,256,258
297,QAc-W-0008,Wild,200,208,173,189,206,208,161,161,150,152,233,235,118,118,139,139,114,116,232,232,161,165,125,137,204,208,0,0,246,256
298,QAc-W-0009,Wild,208,210,173,173,206,206,161,161,138,144,239,243,118,118,137,139,114,116,232,238,165,165,134,140,202,210,157,157,246,256
300,QAc-W-0011,Wild,200,212,173,189,206,206,153,161,144,152,233,237,118,118,139,139,116,122,232,232,165,165,137,140,206,210,151,157,246,252
301,QAc-W-0012,Wild,200,212,173,175,206,206,157,167,140,152,233,233,118,124,137,139,114,114,232,232,165,165,134,140,208,210,151,154,248,260
302,QAc-W-0013,Wild,200,200,171,181,206,206,161,163,144,158,229,233,118,118,137,139,116,130,232,232,165,165,134,134,192,210,151,157,246,248
303,QAc-W-0014,Wild,200,218,171,173,206,208,161,167,152,152,235,237,118,118,139,139,112,116,232,232,165,165,137,140,192,208,151,151,258,260
304,QAc-W-0015,Wild,200,224,173,181,206,206,161,163,144,144,235,237,118,118,139,139,112,118,232,232,165,165,134,140,192,210,151,151,248,248
306,QAc-W-0017,Wild,200,224,171,181,206,206,161,163,140,154,237,245,118,118,139,139,118,118,232,232,161,165,137,137,194,210,157,157,242,256
307,QAc-W-0018,Wild,202,210,181,187,206,208,163,167,152,152,235,237,118,118,139,139,116,126,232,232,165,165,137,140,206,206,151,157,252,258
309,QAc-W-0020,Wild,202,208,187,189,206,208,167,167,150,152,233,237,118,118,139,139,116,128,232,232,161,165,137,140,190,214,151,151,254,260
310,QAc-W-0021,Wild,200,200,171,175,206,206,157,163,148,152,225,241,118,118,139,139,114,116,232,232,165,165,137,140,200,206,151,157,252,258
311,QAc-W-0022,Wild,200,200,171,179,206,206,163,177,144,148,235,237,118,118,139,139,112,116,232,232,161,165,137,137,190,210,139,151,246,258
312,QAc-W-0023,Wild,200,216,171,171,206,206,161,163,138,160,237,245,118,118,139,139,114,114,232,232,165,165,140,140,0,0,151,157,246,258
313,QAc-W-0024,Wild,200,208,171,181,206,208,161,163,140,148,225,237,118,118,139,139,118,118,232,232,165,165,137,137,206,214,151,157,246,260
314,QAc-W-0025,Wild,200,212,171,187,206,208,161,161,140,148,233,233,118,118,137,139,116,116,232,232,165,165,134,137,184,216,157,157,246,260
315,QAc-W-0026,Wild,212,218,175,181,206,206,161,161,140,166,233,233,118,118,137,139,112,116,232,232,165,165,137,140,206,210,151,154,254,260
316,QAc-W-0027,Wild,200,212,187,189,206,206,161,161,144,148,235,235,118,118,139,139,114,114,232,238,165,165,137,140,192,216,157,157,256,256
317,QAc-W-0028,Wild,208,208,187,189,206,206,161,161,140,144,237,245,118,118,139,139,114,116,232,232,161,165,134,140,192,210,151,157,254,260
318,QAc-W-0029,Wild,200,200,171,175,206,206,161,163,150,158,233,237,118,118,139,139,116,116,232,232,165,165,140,140,202,216,157,157,258,260
319,QAc-W-0030,Wild,200,200,171,173,206,206,161,165,144,150,233,239,118,118,139,139,116,116,232,232,165,165,134,137,182,192,157,157,256,258
321,QAc-W-0032,Wild,202,218,171,173,206,208,161,167,140,152,233,235,118,124,139,139,114,116,232,232,165,165,140,140,190,208,151,157,246,258
322,QAc-W-0033,Wild,202,224,173,175,206,208,161,167,150,152,235,245,118,118,137,139,114,116,232,232,165,165,137,140,190,202,139,145,256,258
324,QAc-W-0035,Wild,212,218,173,187,206,206,161,167,144,152,235,239,118,118,139,139,116,116,232,232,165,167,137,140,206,216,151,157,246,248
326,QAc-W-0037,Wild,212,212,173,175,206,206,161,167,144,148,233,237,118,118,139,139,114,120,232,232,165,165,137,140,192,210,151,157,248,256
327,QAc-W-0038,Wild,208,224,171,171,206,206,163,167,140,146,235,237,118,118,139,139,114,116,232,232,165,165,137,137,192,214,157,157,246,254
329,QAc-W-0040,Wild,216,222,171,173,206,208,157,161,138,148,233,235,118,118,139,139,114,114,232,232,165,165,137,140,206,214,151,157,256,260
330,QAc-W-0041,Wild,200,212,171,181,206,206,161,161,144,150,233,235,118,118,137,139,116,118,232,238,165,165,137,140,210,210,139,151,252,258
331,QAc-W-0042,Wild,200,214,181,181,206,206,161,167,158,166,227,237,118,118,137,139,122,130,232,232,165,165,137,137,202,202,139,151,256,258
333,QAc-W-0044,Wild,200,200,171,179,206,206,161,161,144,158,235,245,118,118,139,139,122,122,232,232,165,165,137,137,192,202,139,151,248,258
334,QAc-W-0045,Wild,214,232,173,181,206,206,161,161,146,166,227,237,118,118,137,139,126,126,238,238,161,165,134,137,202,206,151,157,256,258
336,QAc-W-0047,Wild,200,232,171,173,206,206,161,161,144,144,227,245,118,118,139,139,112,122,232,238,165,165,134,137,192,194,151,151,258,258
337,QAc-W-0048,Wild,210,232,171,173,206,208,161,167,160,166,227,241,118,118,139,139,114,130,232,238,165,165,134,137,200,202,139,151,246,248
339,QAc-W-0050,Wild,214,214,173,175,206,206,161,163,142,144,227,231,116,116,139,139,116,124,232,232,161,165,137,137,200,202,154,157,248,262
340,QAc-W-0051,Wild,214,214,173,175,206,206,161,165,150,150,233,235,118,118,137,139,122,126,232,232,165,167,137,137,194,202,157,163,256,258
341,QAc-W-0052,Wild,200,202,173,179,206,206,167,167,166,166,227,233,118,124,139,139,120,122,232,232,165,165,137,137,202,206,151,157,254,258
342,QAc-W-0053,Wild,210,214,171,173,206,206,163,169,144,144,227,233,118,118,137,139,116,122,232,238,165,165,137,137,200,202,151,160,248,258
343,QAc-W-0054,Wild,212,214,173,187,206,206,161,167,154,154,239,241,118,118,139,139,116,126,232,232,165,167,134,137,202,202,151,151,250,258
344,QAc-W-0055,Wild,200,214,173,185,206,206,161,161,146,146,235,239,118,118,139,139,124,126,232,232,167,167,137,137,202,206,151,151,246,250
345,QAc-W-0056,Wild,200,212,171,187,206,208,161,167,138,150,235,235,118,118,139,139,124,126,232,232,165,167,137,140,192,194,142,154,258,262
346,QAc-W-0057,Wild,210,214,171,177,206,206,163,167,150,150,235,237,118,118,139,139,122,124,232,232,165,167,134,137,194,206,139,157,246,262
349,QAc-W-0060,Wild,224,224,177,177,206,206,161,165,138,144,239,239,118,118,139,139,120,122,232,232,165,165,134,137,194,214,151,157,248,256
350,QAc-W-0061,Wild,210,224,175,177,206,206,161,161,144,154,235,237,118,118,139,139,114,114,232,232,165,165,134,134,194,214,151,154,254,256
351,QAc-W-0062,Wild,224,226,179,179,206,206,161,165,138,138,235,237,118,118,139,139,112,122,232,232,165,165,134,137,194,194,139,151,254,256
352,QAc-W-0063,Wild,214,216,173,179,204,206,161,165,138,148,233,237,118,118,139,139,116,116,232,232,165,165,134,137,194,214,151,151,254,254
353,QAc-W-0064,Wild,226,228,173,179,206,208,161,165,138,146,235,235,118,118,139,139,112,116,232,232,165,167,134,134,194,214,151,157,242,248
354,QAc-W-0065,Wild,224,228,179,187,206,206,161,165,144,146,235,237,118,118,139,139,112,124,232,232,165,167,137,137,194,206,151,157,242,248
355,QAc-W-0066,Wild,200,212,181,181,206,206,161,161,146,146,225,239,118,118,139,139,116,122,232,232,165,165,134,137,210,214,139,151,250,250
360,QAc-W-0071,Wild,200,224,177,181,206,206,0,0,144,154,225,225,118,118,139,139,112,122,232,232,165,165,134,134,194,194,151,157,242,256
361,QAc-W-0072,Wild,214,218,179,185,206,208,161,161,154,154,235,237,118,118,139,139,112,116,232,232,165,167,134,137,194,194,139,157,254,256
362,QAc-W-0073,Wild,214,224,171,179,206,206,163,165,144,144,235,239,118,118,139,139,112,122,232,232,165,165,134,137,194,204,151,151,252,254
366,QAc-W-0077,Wild,200,214,179,181,206,206,161,161,144,146,233,239,118,118,139,139,112,124,232,232,165,165,134,137,194,214,151,154,248,254
367,QAc-W-0078,Wild,202,218,175,181,204,206,161,161,146,148,225,229,118,118,139,139,116,116,232,232,165,165,137,140,192,210,145,157,244,246
368,QAc-W-0079,Wild,210,212,175,185,206,206,161,165,148,148,225,229,118,118,139,139,116,116,232,232,165,165,134,140,200,206,0,0,262,262
370,QAc-W-0081,Wild,202,216,175,181,206,206,165,165,138,158,233,235,118,118,137,139,116,118,232,232,165,165,134,134,206,210,151,151,252,256
371,QAc-W-0082,Wild,212,218,171,181,206,206,173,173,150,162,235,235,116,116,137,137,116,126,232,232,165,167,134,137,194,206,139,157,242,246
372,QAc-W-0083,Wild,202,218,181,181,206,206,161,165,138,138,229,235,118,118,139,139,116,118,232,232,165,165,137,140,194,210,151,157,242,262
375,QAc-W-0086,Wild,200,218,173,181,206,206,173,173,162,162,229,229,118,118,137,139,118,118,232,232,165,165,137,137,206,210,139,151,242,256
376,QAc-W-0087,Wild,212,216,181,181,206,206,165,173,148,148,229,235,118,118,137,139,114,118,232,232,165,165,137,137,200,210,145,151,246,262
377,QAc-W-0088,Wild,212,212,181,183,206,206,165,169,138,146,229,235,118,118,139,139,118,118,232,232,165,167,140,140,206,206,151,157,246,256
381,QAc-W-0092,Wild,212,216,181,181,206,206,161,165,140,166,235,241,118,118,139,139,116,118,232,232,165,165,137,140,192,210,139,151,246,252
382,QAc-W-0093,Wild,208,210,171,185,206,206,165,167,138,162,235,237,118,118,137,139,116,116,232,232,165,165,134,140,206,210,157,163,242,262
383,QAc-W-0094,Wild,208,226,191,191,206,206,165,167,138,148,233,233,118,118,139,139,116,118,232,232,165,165,137,137,194,206,151,157,242,258
386,QAc-W-0097,Wild,200,212,171,171,206,206,165,173,144,156,233,235,118,118,139,139,114,118,232,232,165,165,134,137,206,210,151,163,246,262
388,QAc-W-0099,Wild,212,216,175,181,206,206,173,177,148,158,235,241,118,118,139,139,116,116,232,232,165,165,137,137,184,202,145,157,248,252
391,QAc-W-0102,Wild,218,226,181,181,206,206,165,165,148,148,235,235,118,118,139,139,114,118,232,232,165,167,137,137,210,210,139,151,242,256
392,QAc-W-0103,Wild,218,226,181,181,206,206,165,165,148,148,235,235,118,118,139,139,114,118,232,232,165,167,137,137,210,210,139,151,242,256
396,QAc-W-0107,Wild,200,202,171,175,206,206,165,165,146,160,229,235,118,118,139,139,112,118,232,232,165,167,134,137,206,210,151,151,242,242
404,QAc-W-0115,Wild,212,222,173,179,206,206,161,163,138,138,235,235,118,118,139,141,114,114,232,232,165,165,137,140,206,212,145,157,242,254
405,QAc-W-0116,Wild,200,222,171,185,206,206,163,167,138,154,235,237,118,118,137,143,112,118,232,232,165,165,137,137,192,200,151,157,248,258
406,QAc-W-0117,Wild,218,222,173,183,206,206,163,163,140,140,235,237,118,118,137,139,114,114,232,238,165,165,134,137,190,212,154,157,242,258
407,QAc-W-0118,Wild,200,218,179,185,206,206,161,163,148,154,235,243,118,118,139,139,118,124,232,232,165,165,134,137,206,212,145,151,242,254
408,QAc-W-0119,Wild,210,218,173,185,206,206,163,167,138,154,225,237,118,118,137,139,114,124,232,232,165,165,137,137,192,212,151,154,244,258
409,QAc-W-0120,Wild,218,222,173,177,206,206,163,167,138,140,237,245,118,118,139,139,116,116,232,238,165,165,137,140,184,200,145,154,250,252
410,QAc-W-0121,Wild,200,200,173,185,206,206,161,163,140,142,245,245,118,118,137,137,112,116,232,232,165,165,134,137,190,212,151,151,248,250
411,QAc-W-0122,Wild,200,210,179,185,206,206,161,163,152,152,235,245,118,118,139,139,112,114,232,232,165,165,137,137,192,200,142,145,242,242
412,QAc-W-0123,Wild,210,216,185,185,206,206,163,163,144,146,235,235,118,118,139,139,114,120,232,232,165,165,137,137,196,212,145,157,0,0
413,QAc-W-0124,Wild,212,212,177,179,206,206,161,161,138,140,233,235,118,118,139,139,112,112,232,232,165,165,137,137,184,210,145,151,242,252
414,QAc-W-0125,Wild,210,216,171,185,206,206,161,167,148,154,231,235,118,118,139,139,114,118,232,232,165,165,137,137,212,212,151,154,242,256
421,QAc-W-0132,Wild,200,218,173,179,206,206,161,161,140,154,235,239,118,118,139,139,116,118,232,232,165,165,134,137,206,206,145,157,0,0
423,QAc-W-0134,Wild,210,216,183,185,206,206,161,167,138,144,235,245,118,118,139,139,112,116,232,232,165,165,137,137,206,212,151,154,248,248
424,QAc-W-0135,Wild,212,222,179,189,206,206,161,161,144,152,237,237,118,118,139,139,116,116,232,232,165,165,134,137,184,212,151,151,242,248
425,QAc-W-0136,Wild,216,216,173,179,206,206,159,161,138,140,231,235,118,118,137,139,112,118,232,232,165,165,137,137,208,212,157,157,248,248
429,QAc-W-0140,Wild,200,222,173,183,206,206,161,161,138,144,235,245,118,118,137,139,112,114,232,238,165,165,137,137,190,212,151,157,246,246
430,QAc-W-0141,Wild,200,210,173,183,206,206,161,161,144,148,235,237,118,118,139,139,116,116,232,232,165,165,137,137,190,198,157,157,0,0
431,QAc-W-0142,Wild,210,222,173,179,206,206,161,163,144,154,243,245,118,118,137,139,116,116,232,232,165,167,137,137,212,212,151,151,242,256
432,QAc-W-0143,Wild,206,218,177,185,206,206,161,167,154,158,235,235,118,118,137,137,116,116,232,232,165,165,137,137,184,206,151,151,248,256
437,QAc-W-0148,Wild,210,222,177,179,206,206,161,161,140,154,235,237,118,118,139,139,114,116,232,232,165,165,137,137,206,212,157,157,248,258
438,QAc-W-0149,Wild,200,210,179,183,206,206,161,163,152,158,235,235,118,118,139,139,112,118,232,232,165,165,137,137,202,204,145,151,258,258
439,QAc-W-0150,Wild,210,212,171,185,206,206,167,167,152,154,235,237,118,118,139,139,112,116,232,232,165,165,137,137,184,210,151,151,258,258
440,QAc-W-0151,Wild,212,212,171,179,206,206,159,161,140,154,235,237,118,118,137,139,112,114,232,232,165,165,125,137,206,212,151,157,242,258
441,QAc-W-0152,Wild,200,214,179,179,206,206,161,161,138,144,235,235,118,118,139,139,114,118,232,232,165,165,125,137,184,212,145,151,248,248
442,QAc-W-0153,Wild,210,212,173,183,212,212,165,165,140,144,235,239,118,118,139,139,112,114,232,232,165,165,134,146,190,192,151,157,242,246
443,QAc-W-0154,Wild,206,222,187,189,206,206,159,161,138,140,235,235,118,118,135,139,114,116,232,232,165,165,137,137,190,212,151,151,244,252
446,QAc-W-0157,Wild,216,220,173,179,206,206,167,167,144,144,235,235,118,118,137,143,116,120,232,238,165,165,134,137,212,212,151,154,254,256
447,QAc-W-0158,Wild,200,218,173,179,206,206,161,163,138,148,235,235,118,118,139,139,116,118,232,232,165,165,137,140,210,212,151,157,248,258
448,QAc-W-0159,Wild,200,222,175,183,206,206,161,167,140,154,243,245,118,118,137,139,114,114,232,232,165,165,137,137,190,212,145,151,248,256
449,QAc-W-0160,Wild,210,216,177,185,206,206,161,161,140,144,235,245,118,118,135,141,114,116,232,232,165,165,137,140,206,208,151,157,244,256
452,QAc-W-0163,Wild,210,214,171,173,206,206,161,161,138,142,237,243,118,118,139,143,118,124,232,232,165,165,137,137,190,212,151,151,248,258
453,QAc-W-0164,Wild,200,218,179,179,206,206,161,161,138,154,235,241,118,118,139,139,112,116,232,238,165,167,137,137,196,206,151,157,248,256
456,QAc-W-0167,Wild,200,208,179,187,206,206,163,167,146,162,235,235,114,118,139,139,118,124,232,232,161,165,134,146,198,200,151,157,242,246
457,QAc-W-0168,Wild,200,210,175,185,206,206,161,163,140,154,239,245,118,118,139,139,116,128,232,232,165,165,134,134,200,210,154,157,248,254
458,QAc-W-0169,Wild,214,220,187,189,206,206,161,161,134,150,237,239,118,122,137,139,116,116,232,232,161,165,134,134,192,196,151,154,252,258
459,QAc-W-0170,Wild,200,220,171,175,206,206,161,163,154,156,235,235,118,118,139,139,114,114,232,244,161,165,134,140,192,198,142,151,246,248
461,QAc-W-0172,Wild,202,210,167,171,206,206,159,163,152,164,231,235,118,118,135,139,114,118,232,232,161,171,134,140,190,192,163,163,246,258
462,QAc-W-0173,Wild,200,208,179,187,206,206,163,165,140,144,235,237,118,118,139,139,116,128,232,232,161,165,137,137,196,198,157,157,242,246
463,QAc-W-0174,Wild,200,214,181,187,206,206,163,163,138,146,231,237,118,118,139,139,114,114,232,232,165,165,134,146,192,196,154,157,242,264
