Ind,Pop,FIR031 - 1,FIR031 - 2,GOT009 - 1,GOT009 - 2,POR016 - 1,POR016 - 2,FIR013 - 1,FIR013 - 2,FIR043 - 1,FIR043 - 2,GOTO40 - 1,GOTO40 - 2,PIE039 - 1,PIE039 - 2,FIR53 - 1,FIR53 - 2,FIR048 - 1,FIR048 - 2,PIE125 - 1,PIE125 - 2
QAc-W-0001,PorterMountain,166,140,235,237,118,118,139,139,116,114,232,232,165,165,140,140,206,192,151,151
QAc-W-0002,PorterMountain,146,140,235,237,118,118,139,137,116,114,232,238,165,161,140,134,210,192,157,154
QAc-W-0003,PorterMountain,146,152,233,233,118,118,139,139,118,114,232,232,165,165,140,140,210,194,151,157
QAc-W-0004,PorterMountain,148,152,235,233,118,118,139,139,116,116,232,232,165,165,140,140,206,208,151,151
QAc-W-0005,PorterMountain,140,152,237,233,118,118,139,139,116,114,232,232,165,165,137,140,206,210,151,151
QAc-W-0006,PorterMountain,148,152,233,233,118,118,139,139,116,116,232,238,165,165,137,140,206,208,151,157
QAc-W-0007,PorterMountain,144,152,235,233,118,118,139,139,116,114,232,232,165,165,137,140,206,208,151,157
QAc-W-0008,PorterMountain,150,152,235,233,118,118,139,139,116,114,232,232,165,161,137,125,204,208,0,0
QAc-W-0009,PorterMountain,138,144,239,243,118,118,139,137,116,114,232,238,165,165,140,134,210,202,157,157
QAc-W-0010,PorterMountain,154,152,235,233,118,118,139,139,116,116,232,232,165,165,137,137,210,202,151,151
QAc-W-0011,PorterMountain,144,152,237,233,118,118,139,139,116,122,232,232,165,165,137,140,206,210,151,157
QAc-W-0012,PorterMountain,140,152,233,233,118,124,139,137,114,114,232,232,165,165,140,134,210,208,151,154
QAc-W-0013,PorterMountain,144,158,229,233,118,118,139,137,116,130,232,232,165,165,134,134,210,192,151,157
QAc-W-0014,PorterMountain,152,152,235,237,118,118,139,139,116,112,232,232,165,165,137,140,192,208,151,151
QAc-W-0015,PorterMountain,144,144,235,237,118,118,139,139,112,118,232,232,165,165,140,134,210,192,151,151
QAc-W-0016,PorterMountain,150,152,235,235,118,118,139,139,116,116,232,232,165,167,137,137,208,208,151,151
QAc-W-0017,PorterMountain,154,140,237,245,118,118,139,139,118,118,232,232,165,161,137,137,210,194,157,157
QAc-W-0018,PorterMountain,152,152,235,237,118,118,139,139,116,126,232,232,165,165,137,140,206,206,151,157
QAc-W-0019,PorterMountain,140,152,237,233,118,118,139,139,116,116,232,232,165,165,137,140,210,210,151,157
QAc-W-0020,PorterMountain,150,152,237,233,118,118,139,139,116,128,232,232,165,161,137,140,190,214,151,151
QAc-W-0021,PorterMountain,148,152,225,241,118,118,139,139,116,114,232,232,165,165,137,140,206,200,151,157
QAc-W-0022,PorterMountain,148,144,235,237,118,118,139,139,116,112,232,232,165,161,137,137,210,190,139,151
QAc-W-0023,PorterMountain,160,138,237,245,118,118,139,139,114,114,232,232,165,165,140,140,0,0,151,157
QAc-W-0024,PorterMountain,148,140,225,237,118,118,139,139,118,118,232,232,165,165,137,137,206,214,151,157
QAc-W-0025,PorterMountain,148,140,233,233,118,118,139,137,116,116,232,232,165,165,137,134,184,216,157,157
QAc-W-0026,PorterMountain,166,140,233,233,118,118,139,137,116,112,232,232,165,165,137,140,206,210,151,154
QAc-W-0027,PorterMountain,148,144,235,235,118,118,139,139,114,114,232,238,165,165,137,140,192,216,157,157
QAc-W-0028,PorterMountain,144,140,237,245,118,118,139,139,116,114,232,232,165,161,140,134,210,192,151,157
QAc-W-0029,PorterMountain,150,158,237,233,118,118,139,139,116,116,232,232,165,165,140,140,202,216,157,157
QAc-W-0030,PorterMountain,150,144,239,233,118,118,139,139,116,116,232,232,165,165,137,134,192,182,157,157
QAc-W-0031,PorterMountain,148,152,229,235,118,118,139,139,116,114,232,238,165,165,140,140,192,192,139,157
QAc-W-0032,PorterMountain,140,152,235,233,118,124,139,139,116,114,232,232,165,165,140,140,190,208,151,157
QAc-W-0033,PorterMountain,150,152,235,245,118,118,139,137,116,114,232,232,165,165,137,140,190,202,139,145
QAc-W-0034,PorterMountain,140,152,233,233,118,118,139,137,114,114,232,232,165,165,137,140,192,200,139,157
QAc-W-0035,PorterMountain,144,152,239,235,118,118,139,139,116,116,232,232,165,167,137,140,206,216,151,157
QAc-W-0036,PorterMountain,144,140,233,233,118,118,139,139,114,114,232,232,165,165,137,137,192,204,139,157
QAc-W-0037,PorterMountain,148,144,237,233,118,118,139,139,114,120,232,232,165,165,137,140,210,192,151,157
QAc-W-0038,PorterMountain,146,140,235,237,118,118,139,139,116,114,232,232,165,165,137,137,214,192,157,157
QAc-W-0039,PorterMountain,166,140,233,233,118,118,139,139,116,116,232,232,165,165,137,140,210,210,139,151
QAc-W-0040,PorterMountain,148,138,235,233,118,118,139,139,114,114,232,232,165,165,137,140,206,214,151,157
QAc-W-0041,PorterMountain,150,144,235,233,118,118,139,137,116,118,232,238,165,165,137,140,210,210,139,151
QAc-W-0042,MagazineMountain,166,158,237,227,118,118,139,137,122,130,232,232,165,165,137,137,202,202,139,151
QAc-W-0043,MagazineMountain,144,158,237,245,118,118,139,139,122,130,232,238,165,161,137,137,202,194,139,151
QAc-W-0044,MagazineMountain,144,158,235,245,118,118,139,139,122,122,232,232,165,165,137,137,202,192,139,151
QAc-W-0045,MagazineMountain,146,166,237,227,118,118,139,137,126,126,238,238,165,161,137,134,206,202,151,157
QAc-W-0046,MagazineMountain,158,158,227,245,118,118,139,139,122,130,232,238,165,165,134,134,206,202,151,157
QAc-W-0047,MagazineMountain,144,144,227,245,118,118,139,139,112,122,232,238,165,165,137,134,192,194,151,151
QAc-W-0048,MagazineMountain,160,166,227,241,118,118,139,139,114,130,232,238,165,165,137,134,202,200,139,151
QAc-W-0049,MagazineMountain,160,166,227,241,118,118,139,139,114,128,232,238,165,165,137,134,202,200,139,151
QAc-W-0050,MagazineMountain,142,144,227,231,116,116,139,139,116,124,232,232,165,161,137,137,202,200,157,154
QAc-W-0051,MagazineMountain,150,150,235,233,118,118,139,137,122,126,232,232,165,167,137,137,202,194,157,163
QAc-W-0052,MagazineMountain,166,166,233,227,118,124,139,139,122,120,232,232,165,165,137,137,206,202,151,157
QAc-W-0053,MagazineMountain,144,144,233,227,118,118,139,137,116,122,232,238,165,165,137,137,202,200,151,160
QAc-W-0054,MagazineMountain,154,154,239,241,118,118,139,139,116,126,232,232,165,167,137,134,202,202,151,151
QAc-W-0055,MagazineMountain,146,146,239,235,118,118,139,139,124,126,232,232,167,167,137,137,206,202,151,151
QAc-W-0056,MagazineMountain,150,138,235,235,118,118,139,139,124,126,232,232,165,167,137,140,192,194,154,142
QAc-W-0057,MagazineMountain,150,150,235,237,118,118,139,139,122,124,232,232,165,167,137,134,206,194,139,157
QAc-W-0058,MagazineMountain,146,146,239,227,118,118,139,139,124,126,232,232,165,167,137,140,202,198,151,142
QAc-W-0059,MagazineMountain,166,144,227,227,118,118,139,139,122,114,232,238,165,165,137,134,200,194,151,160
QAc-W-0060,MagazineMountain,138,144,239,239,118,118,139,139,122,120,232,232,165,165,137,134,214,194,151,157
QAc-W-0061,MagazineMountain,154,144,235,237,118,118,139,139,114,114,232,232,165,165,134,134,214,194,151,154
QAc-W-0062,MagazineMountain,138,138,235,237,118,118,139,139,112,122,232,232,165,165,137,134,194,194,139,151
QAc-W-0063,MagazineMountain,148,138,237,233,118,118,139,139,116,116,232,232,165,165,137,134,214,194,151,151
QAc-W-0064,MagazineMountain,146,138,235,235,118,118,139,139,116,112,232,232,165,167,134,134,214,194,151,157
QAc-W-0065,MagazineMountain,146,144,235,237,118,118,139,139,112,124,232,232,165,167,137,137,206,194,151,157
QAc-W-0066,MagazineMountain,146,146,225,239,118,118,139,139,116,122,232,232,165,165,137,134,210,214,139,151
QAc-W-0067,MagazineMountain,146,146,225,239,118,118,139,139,122,122,232,232,165,165,137,134,210,212,151,151
QAc-W-0068,MagazineMountain,148,148,239,239,118,118,139,139,116,122,232,232,165,165,137,134,214,186,139,154
QAc-W-0069,MagazineMountain,148,148,239,239,118,118,139,139,116,122,232,232,165,165,137,134,210,214,139,151
QAc-W-0070,MagazineMountain,146,146,239,239,118,118,139,139,112,122,232,232,165,165,137,134,210,194,151,154
QAc-W-0071,MagazineMountain,154,144,225,225,118,118,139,139,112,122,232,232,165,165,134,134,194,194,151,157
QAc-W-0072,MagazineMountain,154,154,235,237,118,118,139,139,116,112,232,232,165,167,137,134,194,194,139,157
QAc-W-0073,MagazineMountain,144,144,239,235,118,118,139,139,112,122,232,232,165,165,137,134,204,194,151,151
QAc-W-0074,MagazineMountain,148,154,235,237,118,118,139,139,112,122,232,232,165,167,137,140,194,194,151,151
QAc-W-0075,MagazineMountain,148,146,239,235,118,118,139,139,116,122,232,232,165,167,137,134,194,194,139,151
QAc-W-0076,MagazineMountain,144,144,239,235,118,118,139,139,116,112,232,232,165,167,137,137,194,194,151,151
QAc-W-0077,MagazineMountain,146,144,239,233,118,118,139,139,112,124,232,232,165,165,137,134,214,194,151,154
QAc-W-0078,PryorMountain,148,146,225,229,118,118,139,139,116,116,232,232,165,165,137,140,210,192,145,157
QAc-W-0079,PryorMountain,148,148,225,229,118,118,139,139,116,116,232,232,165,165,140,134,206,200,0,0
QAc-W-0080,PryorMountain,148,148,225,229,118,118,139,139,116,116,232,232,165,165,140,134,206,200,139,151
QAc-W-0081,PryorMountain,138,158,235,233,118,118,139,137,116,118,232,232,165,165,134,134,206,210,151,151
QAc-W-0082,PryorMountain,150,162,235,235,116,116,137,137,116,126,232,232,165,167,137,134,206,194,139,157
QAc-W-0083,PryorMountain,138,138,229,235,118,118,139,139,116,118,232,232,165,165,137,140,210,194,151,157
QAc-W-0084,PryorMountain,148,138,235,233,118,118,139,137,116,118,232,232,165,165,140,134,206,210,151,151
QAc-W-0085,PryorMountain,146,158,235,235,118,118,139,139,118,118,232,232,165,165,137,134,210,184,145,151
QAc-W-0086,PryorMountain,162,162,229,229,118,118,139,137,118,118,232,232,165,165,137,137,206,210,139,151
QAc-W-0087,PryorMountain,148,148,229,235,118,118,139,137,118,114,232,232,165,165,137,137,210,200,145,151
QAc-W-0088,PryorMountain,146,138,229,235,118,118,139,139,118,118,232,232,165,167,140,140,206,206,151,157
QAc-W-0089,PryorMountain,148,146,235,235,118,118,139,139,118,118,232,232,165,167,140,140,206,202,151,151
QAc-W-0090,PryorMountain,148,148,229,235,118,118,139,137,118,118,232,232,165,167,140,140,210,202,151,151
QAc-W-0091,PryorMountain,148,148,233,241,118,118,139,137,118,118,232,232,165,165,137,137,210,210,145,151
QAc-W-0092,PryorMountain,166,140,235,241,118,118,139,139,116,118,232,232,165,165,137,140,210,192,139,151
QAc-W-0093,PryorMountain,138,162,235,237,118,118,139,137,116,116,232,232,165,165,140,134,206,210,157,163
QAc-W-0094,PryorMountain,148,138,233,233,118,118,139,139,116,118,232,232,165,165,137,137,206,194,151,157
QAc-W-0095,PryorMountain,148,138,229,233,118,118,139,139,116,116,232,232,165,165,137,140,210,194,151,151
QAc-W-0096,PryorMountain,148,138,229,235,118,118,139,139,116,118,232,232,165,165,137,137,202,194,151,157
QAc-W-0097,PryorMountain,144,156,235,233,118,118,139,139,118,114,232,232,165,165,137,134,206,210,151,163
QAc-W-0098,PryorMountain,148,146,235,241,118,118,139,139,116,116,232,244,165,165,137,140,206,206,151,157
QAc-W-0099,PryorMountain,148,158,235,241,118,118,139,139,116,116,232,232,165,165,137,137,202,184,145,157
QAc-W-0100,PryorMountain,146,138,229,235,118,118,139,139,118,118,232,232,165,167,140,140,206,206,151,157
QAc-W-0101,PryorMountain,148,148,235,235,118,118,139,139,118,114,232,232,165,167,137,137,210,210,139,151
QAc-W-0102,PryorMountain,148,162,229,229,118,118,139,139,118,118,232,232,165,165,137,140,206,202,139,145
QAc-W-0103,PryorMountain,148,146,235,241,118,118,139,139,116,118,232,232,165,165,137,137,206,192,139,151
QAc-W-0104,PryorMountain,148,146,235,241,118,118,139,139,116,118,232,232,165,165,137,137,206,192,139,151
QAc-W-0105,PryorMountain,160,146,229,235,118,118,139,139,112,118,232,232,165,167,137,134,206,210,151,151
QAc-W-0106,PryorMountain,148,160,225,235,118,118,139,139,116,112,232,232,165,167,140,134,210,200,139,151
QAc-W-0107,PryorMountain,148,148,239,229,118,118,139,139,118,114,232,232,165,165,140,134,202,200,151,151
QAc-W-0108,PryorMountain,148,152,235,233,118,118,139,137,118,118,232,232,165,165,137,137,210,204,139,139
QAc-W-0109,PryorMountain,148,148,225,241,118,118,139,139,116,116,232,232,165,165,134,134,192,200,139,151
QAc-W-0110,PryorMountain,146,138,235,235,118,118,139,139,118,118,232,232,165,167,140,140,206,206,157,157
QAc-W-0111,SugarLoafMountains,138,144,237,237,118,118,139,143,116,124,232,238,165,165,137,140,206,184,145,151
QAc-W-0112,SugarLoafMountains,138,140,225,237,118,118,139,139,118,118,232,238,165,165,137,137,190,200,151,151
QAc-W-0113,SugarLoafMountains,138,138,235,235,118,118,139,141,114,114,232,232,165,165,137,140,206,212,145,157
QAc-W-0114,SugarLoafMountains,154,138,235,237,118,118,137,143,112,118,232,232,165,165,137,137,192,200,151,157
QAc-W-0115,SugarLoafMountains,140,140,235,237,118,118,139,137,114,114,232,238,165,165,137,134,190,212,157,154
QAc-W-0116,SugarLoafMountains,148,154,235,243,118,118,139,139,118,124,232,232,165,165,137,134,206,212,145,151
QAc-W-0117,SugarLoafMountains,154,138,225,237,118,118,139,137,114,124,232,232,165,165,137,137,212,192,151,154
QAc-W-0118,SugarLoafMountains,138,140,237,245,118,118,139,139,116,116,232,238,165,165,137,140,184,200,145,154
QAc-W-0119,SugarLoafMountains,142,140,245,245,118,118,137,137,116,112,232,232,165,165,137,134,190,212,151,151
QAc-W-0120,SugarLoafMountains,152,152,235,245,118,118,139,139,112,114,232,232,165,165,137,137,192,200,145,142
QAc-W-0121,SugarLoafMountains,146,144,235,235,118,118,139,139,114,120,232,232,165,165,137,137,212,196,145,157
QAc-W-0122,SugarLoafMountains,138,140,235,233,118,118,139,139,112,112,232,232,165,165,137,137,210,184,145,151
QAc-W-0123,SugarLoafMountains,148,154,235,231,118,118,139,139,118,114,232,232,165,165,137,137,212,212,151,154
QAc-W-0124,SugarLoafMountains,148,140,235,237,118,118,139,137,112,118,232,232,165,165,137,137,202,196,151,151
QAc-W-0125,SugarLoafMountains,140,152,241,241,118,118,139,139,116,112,232,238,165,167,137,137,190,208,145,151
QAc-W-0126,SugarLoafMountains,148,138,235,231,118,118,139,137,118,114,232,238,165,165,137,140,210,200,151,154
QAc-W-0127,SugarLoafMountains,144,140,239,243,118,118,139,137,116,112,232,238,165,165,137,140,206,204,145,154
QAc-W-0128,SugarLoafMountains,152,152,235,237,118,118,139,137,116,116,232,238,165,165,137,137,210,184,145,151
QAc-W-0129,SugarLoafMountains,164,140,241,231,118,118,139,139,116,116,232,232,167,167,137,137,206,190,145,151
QAc-W-0130,SugarLoafMountains,154,140,239,235,118,118,139,139,116,118,232,232,165,165,137,134,206,206,145,157
QAc-W-0131,SugarLoafMountains,154,152,241,241,118,118,139,143,116,116,232,238,167,167,137,134,206,206,151,154
QAc-W-0132,SugarLoafMountains,138,144,235,245,118,118,139,139,116,112,232,232,165,165,137,137,206,212,151,154
QAc-W-0133,SugarLoafMountains,144,152,237,237,118,118,139,139,116,116,232,232,165,165,137,134,212,184,151,151
QAc-W-0134,SugarLoafMountains,138,140,235,231,118,118,139,137,112,118,232,232,165,165,137,137,212,208,157,157
QAc-W-0135,SugarLoafMountains,154,138,235,245,118,118,139,137,116,112,232,232,165,165,137,137,190,212,157,154
QAc-W-0136,SugarLoafMountains,154,140,235,231,118,118,139,139,116,116,232,232,165,165,137,137,212,208,157,154
QAc-W-0137,SugarLoafMountains,148,144,235,233,118,118,139,139,116,116,232,232,165,167,137,137,206,204,151,154
QAc-W-0138,SugarLoafMountains,138,144,235,245,118,118,139,137,112,114,232,238,165,165,137,137,190,212,151,157
QAc-W-0139,SugarLoafMountains,148,144,235,237,118,118,139,139,116,116,232,232,165,165,137,137,190,198,157,157
QAc-W-0140,SugarLoafMountains,154,144,245,243,118,118,139,137,116,116,232,232,165,167,137,137,212,212,151,151
QAc-W-0141,SugarLoafMountains,154,158,235,235,118,118,137,137,116,116,232,232,165,165,137,137,206,184,151,151
QAc-W-0142,SugarLoafMountains,138,138,237,237,118,118,139,137,118,114,238,238,165,165,137,134,202,208,145,151
QAc-W-0143,SugarLoafMountains,144,140,235,237,118,118,139,139,118,114,232,232,163,163,137,137,212,184,145,142
QAc-W-0144,SugarLoafMountains,144,144,235,235,118,118,139,137,116,116,232,232,165,165,137,125,206,184,151,157
QAc-W-0145,SugarLoafMountains,154,152,235,235,118,118,137,143,112,118,232,232,165,165,137,137,206,184,151,157
QAc-W-0146,SugarLoafMountains,154,140,235,237,118,118,139,139,116,114,232,232,165,165,137,137,206,212,157,157
QAc-W-0147,SugarLoafMountains,158,152,235,235,118,118,139,139,112,118,232,232,165,165,137,137,202,204,145,151
QAc-W-0148,SugarLoafMountains,154,152,235,237,118,118,139,139,116,112,232,232,165,165,137,137,210,184,151,151
QAc-W-0149,SugarLoafMountains,154,140,235,237,118,118,139,137,112,114,232,232,165,165,137,125,206,212,151,157
QAc-W-0150,SugarLoafMountains,138,144,235,235,118,118,139,139,118,114,232,232,165,165,137,125,212,184,145,151
QAc-W-0151,SugarLoafMountains,144,140,239,235,118,118,139,139,112,114,232,232,165,165,134,146,190,192,151,157
QAc-W-0152,SugarLoafMountains,138,140,235,235,118,118,135,139,116,114,232,232,165,165,137,137,190,212,151,151
QAc-W-0153,SugarLoafMountains,138,138,237,237,118,118,139,139,116,116,232,232,165,165,137,137,190,208,151,154
QAc-W-0154,SugarLoafMountains,138,140,235,235,118,118,139,143,118,114,232,232,165,165,140,140,206,206,151,157
QAc-W-0155,SugarLoafMountains,144,144,235,235,118,118,137,143,116,120,232,238,165,165,137,134,212,212,151,154
QAc-W-0156,SugarLoafMountains,148,138,235,235,118,118,139,139,116,118,232,232,165,165,137,140,210,212,151,157
QAc-W-0157,SugarLoafMountains,154,140,245,243,118,118,139,137,114,114,232,232,165,165,137,137,190,212,145,151
QAc-W-0158,SugarLoafMountains,144,140,235,245,118,118,135,141,116,114,232,232,165,165,137,140,206,208,151,157
QAc-W-0159,SugarLoafMountains,140,152,235,241,118,118,139,139,116,120,238,238,165,165,137,137,190,212,157,157
QAc-W-0160,SugarLoafMountains,138,138,235,241,118,118,139,137,112,122,232,232,165,165,137,137,190,194,157,157
QAc-W-0161,SugarLoafMountains,138,142,237,243,118,118,139,143,118,124,232,232,165,165,137,137,190,212,151,151
QAc-W-0162,SugarLoafMountains,154,138,235,241,118,118,139,139,116,112,232,238,165,167,137,137,206,196,151,157
QAc-W-0163,SugarLoafMountains,138,138,239,237,118,118,137,137,116,116,232,232,165,165,137,137,190,212,157,157
QAc-W-0164,SugarLoafMountains,138,138,235,237,118,118,139,139,114,114,232,232,165,165,137,137,206,212,151,157
QAc-W-0165,KesslerMountain,146,162,235,235,118,114,139,139,118,124,232,232,165,161,134,146,200,198,151,157
QAc-W-0166,KesslerMountain,154,140,239,245,118,118,139,139,116,128,232,232,165,165,134,134,210,200,157,154
QAc-W-0167,KesslerMountain,150,134,239,237,118,122,139,137,116,116,232,232,165,161,134,134,192,196,151,154
QAc-W-0168,KesslerMountain,154,156,235,235,118,118,139,139,114,114,232,244,165,161,140,134,192,198,151,142
QAc-W-0169,KesslerMountain,146,162,235,237,118,114,139,139,118,124,232,232,165,161,134,146,200,198,151,157
QAc-W-0170,KesslerMountain,164,152,235,231,118,118,135,139,118,114,232,232,161,171,140,134,190,192,163,163
QAc-W-0171,KesslerMountain,144,140,235,237,118,118,139,139,116,128,232,232,165,161,137,137,198,196,157,157
QAc-W-0172,KesslerMountain,146,138,237,231,118,118,139,139,114,114,232,232,165,165,134,146,192,196,157,154
